project_cnt,success_usd_pledged_real,success_usd_goal_real,success_cnt,year_launched,main_category_group,state,country,usd_pledged_real,usd_goal_real
77,3107432.13,1006480.3,77,2017,Games & Technology,successful,HK,3107432.13,1006480.3
203,0,0,0,2016,"Arts, Crafts & Phography",failed,DE,91646.84,1532105.26
22,97318.69,68625.5,22,2015,"Arts, Crafts & Phography",successful,ES,97318.69,68625.5
9,242794.07,107510.95,9,2017,Design,successful,NO,242794.07,107510.95
4,53164.58,36600.35,4,2012,Food,successful,GB,53164.58,36600.35
61,0,0,0,2017,Games & Technology,failed,HK,128272.06,3481804.71
14,540329.95,214990.87,14,2016,Food,successful,DE,540329.95,214990.87
30,105619.74,40394.5,30,2015,"Arts, Crafts & Phography",successful,DK,105619.74,40394.5
108,4931867.33,1787227.23,108,2017,Games & Technology,successful,DE,4931867.33,1787227.23
859,0,0,0,2016,"Film, Video & Journalism",failed,GB,695811.59,20247938.9
93,0,0,0,2017,Comics & Publishing,failed,MX,16896.72,1019575.11
31,0,0,0,2016,"Arts, Crafts & Phography",failed,DK,5300.04,279730.42
36,0,0,0,2016,Design,failed,AT,68695.68,487251.15
15,0,0,0,2017,"Dance, Music & Theater",failed,NL,3420.67,162002.86
32,649963.43,439283.01,32,2012,Design,successful,GB,649963.43,439283.01
4,0,0,0,2015,Design,failed,LU,2297.84,43820.85
2,8454.7,8299.16,2,2017,Food,successful,NO,8454.7,8299.16
37,0,0,0,2017,Fashion,failed,MX,17883.32,182513.28
126,1999853.51,766803.15,126,2016,Design,successful,DE,1999853.51,766803.15
32,0,0,0,2015,Design,failed,IE,76191.27,531846.16
38,0,0,0,2017,Games & Technology,failed,SG,155341.84,1788247.22
78,0,0,0,2014,Comics & Publishing,failed,NZ,26141.04,307361.13
8,55052.41,29607.32,8,2013,Games & Technology,successful,NZ,55052.41,29607.32
9,0,0,0,2017,"Film, Video & Journalism",failed,CH,9174.93,51919942.46
31,0,0,0,2016,"Film, Video & Journalism",failed,IE,6234.1,538998.42
3269,0,0,0,2016,Fashion,failed,US,1585328.18,37510898
138,2552752.12,874455.08,138,2014,Games & Technology,successful,AU,2552752.12,874455.08
4,58646.61,52683.13,4,2017,Food,successful,CH,58646.61,52683.13
111,558701.47,287279.38,111,2016,"Arts, Crafts & Phography",successful,AU,558701.47,287279.38
41,279502.51,240021.53,41,2017,"Dance, Music & Theater",successful,AU,279502.51,240021.53
34,0,0,0,2016,"Film, Video & Journalism",failed,AT,22171.84,378968.66
18,0,0,0,2013,"Dance, Music & Theater",failed,AU,12380.07,105382.21
187,0,0,0,2017,Games & Technology,failed,FR,383806.97,7464784.91
48,0,0,0,2015,Comics & Publishing,failed,DK,8435.78,193743.66
242,0,0,0,2010,Food,failed,US,154189.32,1142301
11,426009.92,242868.89,11,2017,Games & Technology,successful,BE,426009.92,242868.89
4,6086.3,3343.69,4,2015,"Arts, Crafts & Phography",successful,LU,6086.3,3343.69
876,0,0,0,2013,Games & Technology,failed,GB,2453029.42,53208236.03
5,4382.2,3622.54,5,2016,"Arts, Crafts & Phography",successful,SG,4382.2,3622.54
5,26087.63,22465.38,5,2017,"Dance, Music & Theater",successful,SG,26087.63,22465.38
70,807981.03,335035.61,70,2015,Games & Technology,successful,SE,807981.03,335035.61
18,0,0,0,2015,Design,failed,NO,9467.83,164126.51
5874,0,0,0,2011,"Dance, Music & Theater",failed,US,1689919.88,23178851.75
34,0,0,0,2012,Fashion,failed,GB,5166.05,158862.28
327,5955588.94,1730765.69,327,2016,Games & Technology,successful,CA,5955588.94,1730765.69
6,73167.79,58142.2,6,2015,Design,successful,AT,73167.79,58142.2
260,762928.79,563999.84,260,2014,"Arts, Crafts & Phography",successful,CA,762928.79,563999.84
33,499660.31,367002.38,33,2017,Fashion,successful,FR,499660.31,367002.38
28,4085630.76,1124645.66,28,2017,Design,successful,CH,4085630.76,1124645.66
166,0,0,0,2015,Comics & Publishing,failed,DE,43359.12,2952600.44
2,3894.74,1782.36,2,2017,"Arts, Crafts & Phography",successful,NO,3894.74,1782.36
17,34144.19,32065.62,17,2016,"Dance, Music & Theater",successful,NO,34144.19,32065.62
182,0,0,0,2017,Comics & Publishing,failed,CA,142663.52,1963265.75
36,441031.63,143938.2,36,2013,Fashion,successful,CA,441031.63,143938.2
402,0,0,0,2014,Games & Technology,failed,NL,507971.23,8060757.97
11,220469,130452.69,11,2017,Design,successful,IE,220469,130452.69
8066,0,0,0,2011,"Film, Video & Journalism",failed,US,4129189.12,89629561.42
27,0,0,0,2016,Design,failed,HK,32926.78,706418.84
1361,15650122.78,6881776,1361,2013,Fashion,successful,US,15650122.78,6881776
236,0,0,0,2015,Design,failed,AU,246940.96,6480344.37
21,211235.76,145496.16,21,2017,Comics & Publishing,successful,NZ,211235.76,145496.16
40,0,0,0,2013,"Film, Video & Journalism",failed,AU,78758.99,660567.1
2,17510.25,14814.76,2,2017,Food,successful,IE,17510.25,14814.76
54,179632.97,152394.19,54,2016,"Film, Video & Journalism",successful,ES,179632.97,152394.19
20,0,0,0,2016,"Dance, Music & Theater",failed,AT,13364.75,432284.21
20,127605.38,75125,20,2017,Fashion,successful,SG,127605.38,75125
28,0,0,0,2016,"Dance, Music & Theater",failed,IE,2895.5,280106.8
161,0,0,0,2015,Design,failed,DE,279197.24,2556402.63
56,83076.42,65409.94,56,2016,"Film, Video & Journalism",successful,DK,83076.42,65409.94
23,1064130.53,296310.07,23,2017,Fashion,successful,NL,1064130.53,296310.07
14,0,0,0,2017,"Dance, Music & Theater",failed,CH,8294.38,170884.52
86,0,0,0,2015,Games & Technology,failed,BE,15474.29,1746842.13
4,0,0,0,2017,Fashion,failed,NO,20.46,47819.97
81,2167495.1,709103.68,81,2017,Games & Technology,successful,IT,2167495.1,709103.68
2,1700.94,1650.6,2,2014,Comics & Publishing,successful,DK,1700.94,1650.6
100,0,0,0,2017,"Dance, Music & Theater",failed,CA,36621.93,3039476.96
174,0,0,0,2015,"Dance, Music & Theater",failed,DE,63632.89,2639979.68
89,1212264.08,532993.23,89,2017,Fashion,successful,CA,1212264.08,532993.23
8,49667.67,22293.39,8,2017,Comics & Publishing,successful,IE,49667.67,22293.39
3089,0,0,0,2011,Comics & Publishing,failed,US,831760.69,12042193.26
34,0,0,0,2015,Food,failed,NO,23943.56,779550.15
4,37018.76,34711.13,4,2017,"Film, Video & Journalism",successful,CH,37018.76,34711.13
30,0,0,0,2015,"Dance, Music & Theater",failed,DK,4010.47,132900.15
110,4740253.45,1479723.89,110,2017,Games & Technology,successful,FR,4740253.45,1479723.89
174,0,0,0,2010,Design,failed,US,54210.33,700677
32,0,0,0,2013,Comics & Publishing,failed,AU,14379.09,274796.03
695,13939817.03,4986573,695,2017,Fashion,successful,US,13939817.03,4986573
4,0,0,0,2017,Fashion,failed,JP,2630.48,46244.23
21,0,0,0,2016,Comics & Publishing,failed,IE,3110.71,125418.64
8,83651.92,78189.49,8,2016,"Film, Video & Journalism",successful,AT,83651.92,78189.49
665,21606118.37,6737809.88,665,2014,Games & Technology,successful,GB,21606118.37,6737809.88
14,0,0,0,2017,Comics & Publishing,failed,CH,7344.92,191077.06
544,1674095.45,1251007.58,544,2016,"Arts, Crafts & Phography",successful,GB,1674095.45,1251007.58
418,2195696.51,1736118.3,418,2017,"Dance, Music & Theater",successful,GB,2195696.51,1736118.3
86,0,0,0,2017,Fashion,failed,AU,96664.05,1043022.35
124,0,0,0,2015,Food,failed,DE,8770.33,4704760.86
114,572137.24,467006.16,114,2012,"Film, Video & Journalism",successful,GB,572137.24,467006.16
25,0,0,0,2017,"Arts, Crafts & Phography",failed,SE,8894.58,553593.13
18,377674.85,80914.22,18,2015,Design,successful,NZ,377674.85,80914.22
240,0,0,0,2015,Food,failed,AU,64186.05,6746874.55
88,0,0,0,2016,Fashion,failed,ES,102589.51,1008883.67
216,0,0,0,2009,"Arts, Crafts & Phography",failed,US,43651.36,461132.09
26,0,0,0,2016,Comics & Publishing,failed,AT,19531.84,179288.39
4511,25742289.96,14283525,4511,2015,Comics & Publishing,successful,US,25742289.96,14283525
1339,0,0,0,2015,"Arts, Crafts & Phography",failed,GB,426866.03,9452735.25
42,0,0,0,2014,Fashion,failed,NZ,17212.26,132872.27
52,0,0,0,2015,"Film, Video & Journalism",failed,DK,6197.13,143007.42
59,0,0,0,2017,Fashion,failed,DE,98164.97,1182367.09
20,221675.21,144171.7,20,2015,Design,successful,ES,221675.21,144171.7
26,0,0,0,2015,"Film, Video & Journalism",failed,BE,2561.23,1110677.9
68,1210748.6,764589.46,68,2014,Games & Technology,successful,NL,1210748.6,764589.46
467,2144772.22,1416274.38,467,2013,Comics & Publishing,successful,GB,2144772.22,1416274.38
464,6873857.85,2771412.93,464,2015,Design,successful,GB,6873857.85,2771412.93
25,89253.45,64526.73,25,2016,"Arts, Crafts & Phography",successful,NL,89253.45,64526.73
17,91757.4,83635.29,17,2017,"Dance, Music & Theater",successful,NL,91757.4,83635.29
62,1470706.92,456386.8,62,2015,Design,successful,DE,1470706.92,456386.8
49,0,0,0,2017,Games & Technology,failed,CH,163837.1,4197934.84
20,0,0,0,2015,"Dance, Music & Theater",failed,BE,2895.83,69727.57
56,0,0,0,2016,Games & Technology,failed,IE,141472.63,802432.05
24,116651.23,92997.84,24,2015,"Film, Video & Journalism",successful,IT,116651.23,92997.84
45,141363.59,108120.43,45,2017,"Arts, Crafts & Phography",successful,MX,141363.59,108120.43
16,322239.43,173443.98,16,2015,Games & Technology,successful,CH,322239.43,173443.98
19,79351.09,73348.95,19,2016,"Dance, Music & Theater",successful,MX,79351.09,73348.95
226,0,0,0,2016,Fashion,failed,CA,94064.84,1199031.98
382,0,0,0,2016,Food,failed,GB,153841.48,8930300.63
92,0,0,0,2016,Games & Technology,failed,AT,86513.3,5872172.8
20,37563.09,28931.43,20,2015,"Arts, Crafts & Phography",successful,NZ,37563.09,28931.43
329,0,0,0,2017,"Film, Video & Journalism",failed,GB,280680.18,16800570.12
19,178232.15,147186.82,19,2016,"Film, Video & Journalism",successful,NL,178232.15,147186.82
32,0,0,0,2015,Food,failed,AT,8367.15,492584.66
15,0,0,0,2017,"Arts, Crafts & Phography",failed,DK,4844.52,226033.13
366,0,0,0,2014,Design,failed,CA,408381.77,30329907.07
22,0,0,0,2016,Comics & Publishing,failed,MX,3240.96,157105.89
4,0,0,0,2016,Food,failed,LU,107.36,548017.32
40,0,0,0,2016,"Dance, Music & Theater",failed,NL,6707.17,2077417.06
14,0,0,0,2013,Comics & Publishing,failed,NZ,15110.84,55362.84
28,0,0,0,2014,Games & Technology,failed,IE,5761.84,356502.97
32,1273834.68,448290.46,32,2013,Games & Technology,successful,AU,1273834.68,448290.46
653,0,0,0,2015,"Arts, Crafts & Phography",failed,CA,105394.32,83835159.34
90,0,0,0,2017,"Arts, Crafts & Phography",failed,DE,67454.96,1292525.57
35,0,0,0,2016,Games & Technology,failed,HK,43839.71,752977.92
8,13543.99,11500,8,2009,Fashion,successful,US,13543.99,11500
58,309475.5,253924.15,58,2015,"Arts, Crafts & Phography",successful,FR,309475.5,253924.15
220,0,0,0,2017,Games & Technology,failed,AU,444399.57,15323309.91
193,0,0,0,2017,Games & Technology,failed,IT,293866,9743462.69
26,0,0,0,2015,Design,failed,CH,72455.56,576737.09
14,47434.91,40590.35,14,2015,"Arts, Crafts & Phography",successful,IT,47434.91,40590.35
109,0,0,0,2015,Design,failed,NL,200005.3,3671369.9
11,0,0,0,2017,Fashion,failed,BE,9439.09,295013.57
60,0,0,0,2016,"Film, Video & Journalism",failed,NL,13379.94,3423884.08
14,218481.26,114571.58,14,2016,Fashion,successful,SE,218481.26,114571.58
203,0,0,0,2017,"Dance, Music & Theater",failed,GB,160709.56,3021060.63
16,129804.35,114765.75,16,2015,Fashion,successful,DK,129804.35,114765.75
56,90221.3,80167.63,56,2015,"Film, Video & Journalism",successful,NZ,90221.3,80167.63
20,0,0,0,2015,Food,failed,BE,2051.53,2821593.39
114,0,0,0,2015,"Dance, Music & Theater",failed,SE,9997.35,482929.19
102,395490.33,360791.12,102,2017,"Film, Video & Journalism",successful,MX,395490.33,360791.12
2,9265.06,6767.43,2,2016,Design,successful,LU,9265.06,6767.43
25,316443.76,254392.87,25,2017,"Film, Video & Journalism",successful,DE,316443.76,254392.87
2,0,0,0,2017,Comics & Publishing,failed,LU,788,4238.42
460,0,0,0,2015,Games & Technology,failed,NL,367802.32,13382142.49
67,0,0,0,2016,Food,failed,FR,19534.6,2310430.07
12,43365,37133.56,12,2013,"Film, Video & Journalism",successful,NZ,43365,37133.56
146,1045268.72,590290.4,146,2013,Fashion,successful,GB,1045268.72,590290.4
5897,0,0,0,2013,"Dance, Music & Theater",failed,US,3262515.46,52581094
27,0,0,0,2016,Fashion,failed,NZ,15955.56,233070.62
23,0,0,0,2017,Fashion,failed,SE,17626.53,1029717.11
54,0,0,0,2016,"Arts, Crafts & Phography",failed,NZ,4886.16,211990.43
259,3793049.27,1809977.29,259,2015,Games & Technology,successful,AU,3793049.27,1809977.29
32,362663.88,207010.3,32,2015,Design,successful,SE,362663.88,207010.3
10,0,0,0,2014,Comics & Publishing,failed,DK,1443.05,36532.13
26,494626.94,194398.06,26,2016,Design,successful,DK,494626.94,194398.06
8247,0,0,0,2013,"Film, Video & Journalism",failed,US,9664179.87,289225565
52,0,0,0,2015,Food,failed,SE,4372.64,789295.31
1,5300.09,5123.21,1,2017,"Film, Video & Journalism",successful,HK,5300.09,5123.21
12,26843.34,23980.52,12,2015,"Dance, Music & Theater",successful,BE,26843.34,23980.52
12,60757.51,30302.82,12,2014,Games & Technology,successful,SE,60757.51,30302.82
2,86420.83,43065.41,2,2016,Games & Technology,successful,LU,86420.83,43065.41
3192,29252023.97,22704423,3192,2016,"Film, Video & Journalism",successful,US,29252023.97,22704423
15,132923.93,124802.21,15,2017,"Dance, Music & Theater",successful,SE,132923.93,124802.21
149,0,0,0,2016,Fashion,failed,IT,101814.2,3694354.65
34,174778.63,74697.31,34,2016,"Arts, Crafts & Phography",successful,SE,174778.63,74697.31
111,0,0,0,2016,Games & Technology,failed,SE,78910.5,4631146.6
286,1533557.1,675136.4,286,2015,"Arts, Crafts & Phography",successful,CA,1533557.1,675136.4
4429,11617764.68,8865941.12,4429,2012,"Arts, Crafts & Phography",successful,US,11617764.68,8865941.12
64,0,0,0,2015,Design,failed,DK,53037.08,690830.62
676,0,0,0,2011,Fashion,failed,US,207267.42,2598044.65
20,98092.62,68678.07,20,2015,Food,successful,SE,98092.62,68678.07
4,18658.17,10526.13,4,2016,Fashion,successful,HK,18658.17,10526.13
4,19173.74,18396.2,4,2016,Food,successful,DK,19173.74,18396.2
4,9072.86,8618.57,4,2015,Comics & Publishing,successful,AT,9072.86,8618.57
2,86589.77,27675.07,2,2016,Food,successful,BE,86589.77,27675.07
112,0,0,0,2015,"Film, Video & Journalism",failed,FR,76867.18,2609897.73
125,2270327.51,1043121.58,125,2016,Games & Technology,successful,ES,2270327.51,1043121.58
18,75970.87,70842.12,18,2016,"Dance, Music & Theater",successful,IE,75970.87,70842.12
9,33276.95,21472.8,9,2017,"Arts, Crafts & Phography",successful,IE,33276.95,21472.8
1488,43160215.33,13394519.5,1488,2012,Design,successful,US,43160215.33,13394519.5
138,1672274.99,338444,138,2010,Design,successful,US,1672274.99,338444
2,1984.01,1168.54,2,2014,"Arts, Crafts & Phography",successful,DK,1984.01,1168.54
8390,0,0,0,2016,Games & Technology,failed,US,8544587.13,472083588
7,135916.66,90894.37,7,2017,Food,successful,AU,135916.66,90894.37
90,0,0,0,2015,Games & Technology,failed,CH,112091.79,2439583.3
86,0,0,0,2013,"Arts, Crafts & Phography",failed,CA,36373.97,779388
10,0,0,0,2017,"Dance, Music & Theater",failed,BE,3159.84,68174.1
23,381123.49,178781.2,23,2016,Games & Technology,successful,DK,381123.49,178781.2
46,201999.29,173076.23,46,2015,"Dance, Music & Theater",successful,DE,201999.29,173076.23
23,646985.66,395687.5,23,2016,Design,successful,BE,646985.66,395687.5
235,0,0,0,2017,Design,failed,GB,583654.69,6515609.73
1,0,0,0,2017,"Arts, Crafts & Phography",failed,JP,1576.32,6130.13
54,0,0,0,2015,Comics & Publishing,failed,NZ,28897.2,268098.56
239,788757.88,700914.8,239,2010,Food,successful,US,788757.88,700914.8
1359,9151467.82,7055761.22,1359,2012,Food,successful,US,9151467.82,7055761.22
86,3018921.58,700649.43,86,2017,Design,successful,AU,3018921.58,700649.43
75,0,0,0,2016,Games & Technology,failed,NO,59714.75,2524015.04
406,0,0,0,2015,Design,failed,CA,548093.44,5107421.75
11,44321.65,42869.21,11,2016,"Film, Video & Journalism",successful,IE,44321.65,42869.21
34,158063.83,119279.88,34,2014,Comics & Publishing,successful,NZ,158063.83,119279.88
44,0,0,0,2016,Fashion,failed,SE,18877.43,286413.52
8,61789.92,54348.9,8,2016,Comics & Publishing,successful,CH,61789.92,54348.9
47,0,0,0,2016,"Arts, Crafts & Phography",failed,BE,7964.45,141231.97
14,579543.38,163239.46,14,2017,Fashion,successful,IT,579543.38,163239.46
458,0,0,0,2014,"Dance, Music & Theater",failed,CA,72978.17,3879622.16
90,0,0,0,2016,Comics & Publishing,failed,IT,47168.35,609403.88
203,0,0,0,2016,Comics & Publishing,failed,AU,90811.7,1793953.92
76,0,0,0,2017,Fashion,failed,IT,65121.53,19906829.57
46,699053.75,349366.9,46,2015,"Film, Video & Journalism",successful,DE,699053.75,349366.9
8,0,0,0,2014,Fashion,failed,NO,36.79,31553.4
108,0,0,0,2015,Food,failed,IT,12472.94,5441768.6
239,553314.1,453439.2,239,2016,"Dance, Music & Theater",successful,CA,553314.1,453439.2
14,0,0,0,2017,Comics & Publishing,failed,HK,1920.77,79720.35
84,0,0,0,2015,Fashion,failed,FR,34747.8,925181.95
119,642303.99,306967.03,119,2017,"Arts, Crafts & Phography",successful,CA,642303.99,306967.03
26,47610.31,28014.01,26,2016,"Arts, Crafts & Phography",successful,BE,47610.31,28014.01
7,89586.5,73173,7,2017,"Dance, Music & Theater",successful,BE,89586.5,73173
31,1362992.05,424385.33,31,2017,Games & Technology,successful,SG,1362992.05,424385.33
100,435910.74,271230.96,100,2015,Fashion,successful,AU,435910.74,271230.96
10,36162.35,31338.62,10,2016,Food,successful,ES,36162.35,31338.62
50,80346.11,72459.61,50,2015,"Dance, Music & Theater",successful,SE,80346.11,72459.61
178,3038455.96,1118524.29,178,2014,Design,successful,CA,3038455.96,1118524.29
13,69354.23,40889.15,13,2016,Games & Technology,successful,NO,69354.23,40889.15
5,40681.13,29339.48,5,2017,Comics & Publishing,successful,AT,40681.13,29339.48
2426,21768484.54,14035843,2426,2014,Food,successful,US,21768484.54,14035843
30,0,0,0,2014,"Arts, Crafts & Phography",failed,SE,724.46,38200.09
20,0,0,0,2017,Food,failed,FR,11710.36,481474.95
5,155973.48,76860.12,5,2016,Food,successful,NZ,155973.48,76860.12
130,345112.1,310488.71,130,2014,"Dance, Music & Theater",successful,AU,345112.1,310488.71
40,0,0,0,2015,Food,failed,NZ,2761.7,540823.28
120,4230322.48,1272186.75,120,2017,Games & Technology,successful,AU,4230322.48,1272186.75
750,0,0,0,2014,"Film, Video & Journalism",failed,CA,385392.84,21717918.93
195,0,0,0,2017,Games & Technology,failed,MX,41579.33,12380611.75
238,0,0,0,2014,Fashion,failed,AU,135630.39,1882695.57
27,191809.51,121869.41,27,2016,Design,successful,ES,191809.51,121869.41
2670,75366602.41,19638934,2670,2014,Design,successful,US,75366602.41,19638934
128,353790.37,302422.38,128,2014,Food,successful,CA,353790.37,302422.38
9,42484.05,35114.85,9,2017,Comics & Publishing,successful,NO,42484.05,35114.85
1224,4320221.09,3599692.21,1224,2014,"Film, Video & Journalism",successful,GB,4320221.09,3599692.21
11,0,0,0,2017,Comics & Publishing,failed,BE,4195.51,116742.18
20,749177.52,302003.57,20,2016,Games & Technology,successful,AT,749177.52,302003.57
60,4820573.63,3740214.74,60,2012,Games & Technology,successful,GB,4820573.63,3740214.74
314,1569514.81,977244.42,314,2014,Comics & Publishing,successful,CA,1569514.81,977244.42
39,988848.54,333574.64,39,2016,Design,successful,SG,988848.54,333574.64
54,6200457.92,639354.12,54,2016,Design,successful,NL,6200457.92,639354.12
5,21334.46,11027.06,5,2016,Comics & Publishing,successful,SG,21334.46,11027.06
18,0,0,0,2017,Games & Technology,failed,DK,17172.29,586866.59
4,25805.88,5069.82,4,2013,Food,successful,AU,25805.88,5069.82
33,283259.68,208504.22,33,2017,"Film, Video & Journalism",successful,FR,283259.68,208504.22
54,0,0,0,2015,Comics & Publishing,failed,FR,21243.91,569885.96
18,64552.26,53855.93,18,2016,Food,successful,FR,64552.26,53855.93
7,0,0,0,2016,"Arts, Crafts & Phography",failed,SG,673.16,86942.32
1376,0,0,0,2015,Games & Technology,failed,CA,767515.459999999,55571451.04
13,107059.04,87851.15,13,2017,"Film, Video & Journalism",successful,IT,107059.04,87851.15
13,0,0,0,2016,"Arts, Crafts & Phography",failed,HK,166.95,829683.61
24,484381.12,163391.04,24,2013,Design,successful,AU,484381.12,163391.04
73,2432550.99,606079.47,73,2016,Design,successful,FR,2432550.99,606079.47
305,0,0,0,2017,Games & Technology,failed,DE,452371.08,24419919.94
6,68414.91,51505.55,6,2016,Fashion,successful,CH,68414.91,51505.55
62,0,0,0,2015,"Film, Video & Journalism",failed,NZ,20208.44,331765.1
23,39476.72,34128.9,23,2016,"Dance, Music & Theater",successful,NZ,39476.72,34128.9
10,16801.88,13371.19,10,2017,"Arts, Crafts & Phography",successful,NZ,16801.88,13371.19
14,0,0,0,2014,"Arts, Crafts & Phography",failed,IE,903.34,55421.54
24,1272718.42,442897.36,24,2017,Games & Technology,successful,CH,1272718.42,442897.36
90,0,0,0,2014,Food,failed,NL,53802.36,1567714.41
780,17625509.11,6239004.54,780,2015,Games & Technology,successful,GB,17625509.11,6239004.54
11,77787.75,73461.75,11,2016,Fashion,successful,NO,77787.75,73461.75
1569,0,0,0,2014,"Arts, Crafts & Phography",failed,GB,392044.35,10422171.63
12,0,0,0,2014,"Film, Video & Journalism",failed,DK,6732.48,1314523.96
4637,22278516.91,13720258,4637,2014,Comics & Publishing,successful,US,22278516.91,13720258
6853,0,0,0,2013,Comics & Publishing,failed,US,3086604.35,42562138
102,261316.92,222406.73,102,2013,"Dance, Music & Theater",successful,CA,261316.92,222406.73
104,0,0,0,2016,Design,failed,FR,205445.09,4411907.95
23,994497.37,345667.72,23,2017,Fashion,successful,DE,994497.37,345667.72
9,24528.51,22984.16,9,2017,"Film, Video & Journalism",successful,NL,24528.51,22984.16
129,0,0,0,2016,"Arts, Crafts & Phography",failed,FR,46418.94,1392360.21
104,0,0,0,2012,"Arts, Crafts & Phography",failed,GB,41289.2,430416.35
2,0,0,0,2017,"Dance, Music & Theater",failed,LU,3161.98,17509.32
14,10155.29,8744,14,2015,"Dance, Music & Theater",successful,IT,10155.29,8744
26,74298.1,68232.55,26,2015,Comics & Publishing,successful,DK,74298.1,68232.55
1,0,0,0,2017,"Film, Video & Journalism",failed,LU,123.53,5827.03
10,0,0,0,2017,Fashion,failed,DK,7338.81,158008.64
1,29007.12,17075.67,1,2016,Fashion,successful,MX,29007.12,17075.67
142,1192208.51,679666.35,142,2017,Fashion,successful,GB,1192208.51,679666.35
57,0,0,0,2017,Fashion,failed,SG,52666.66,542718.37
24,162781.06,135742.4,24,2015,Comics & Publishing,successful,ES,162781.06,135742.4
28,0,0,0,2015,Food,failed,DK,3651.41,586198.44
18,96535.67,90882.8,18,2016,"Film, Video & Journalism",successful,MX,96535.67,90882.8
4200,0,0,0,2014,Fashion,failed,US,1730597.63,38328050
8,0,0,0,2014,"Dance, Music & Theater",failed,DK,1095.03,9761.72
24,63257.42,54027.16,24,2015,"Dance, Music & Theater",successful,FR,63257.42,54027.16
60,0,0,0,2015,Design,failed,SE,93118.3,5781171.95
21,422081.38,225487.12,21,2017,Comics & Publishing,successful,NL,422081.38,225487.12
104,232507.3,151121.73,104,2015,"Arts, Crafts & Phography",successful,AU,232507.3,151121.73
722,2307737.19,1848323.23,722,2013,"Dance, Music & Theater",successful,GB,2307737.19,1848323.23
14,0,0,0,2014,"Arts, Crafts & Phography",failed,DK,414.5,339934.73
1686,0,0,0,2014,"Film, Video & Journalism",failed,GB,1142945.92,56738785.7
232,4229753.17,2035160.85,232,2013,Design,successful,GB,4229753.17,2035160.85
34,0,0,0,2016,Comics & Publishing,failed,NZ,7923.02,178774.46
108,0,0,0,2015,Games & Technology,failed,NO,50290.55,2028057.53
412,8345431.61,2666150.61,412,2015,Games & Technology,successful,CA,8345431.61,2666150.61
180,0,0,0,2012,"Film, Video & Journalism",failed,GB,198709.21,4668824.08
2471,102295503.12,31745265.99,2471,2012,Games & Technology,successful,US,102295503.12,31745265.99
42,0,0,0,2017,Games & Technology,failed,AT,157796.89,3431847.59
4,8069.66,1939.25,4,2016,"Arts, Crafts & Phography",successful,LU,8069.66,1939.25
16,50738.87,19590.05,16,2014,"Arts, Crafts & Phography",successful,SE,50738.87,19590.05
575,0,0,0,2015,Design,failed,GB,789356.38,29595897.67
45,2169945.53,176637.44,45,2016,Games & Technology,successful,SE,2169945.53,176637.44
98,0,0,0,2016,"Film, Video & Journalism",failed,FR,17718.64,3091982.95
5730,46357307.46,38234237,5730,2014,"Film, Video & Journalism",successful,US,46357307.46,38234237
24,78134.04,67486.73,24,2015,"Dance, Music & Theater",successful,NO,78134.04,67486.73
66,735525.43,581570.86,66,2013,Food,successful,GB,735525.43,581570.86
108,0,0,0,2017,Design,failed,CA,286244.75,2828348.65
139,0,0,0,2016,Games & Technology,failed,CH,150153.09,3852577.54
12791,0,0,0,2015,Games & Technology,failed,US,12386277.38,1034447397
2627,0,0,0,2013,Design,failed,US,5002227.98,44157956
30,0,0,0,2017,Games & Technology,failed,IE,60455.75,480351.39
736,0,0,0,2014,Games & Technology,failed,AU,661022.66,105893861.98
8,0,0,0,2017,Food,failed,IE,5538.89,83857.48
4,11890.52,8291.54,4,2015,Fashion,successful,NZ,11890.52,8291.54
10,18420.34,15315.76,10,2016,Comics & Publishing,successful,DK,18420.34,15315.76
16,381839.31,355541.25,16,2016,"Dance, Music & Theater",successful,IT,381839.31,355541.25
12,0,0,0,2016,Fashion,failed,AT,10775.58,88792.98
15,724056.06,89485.83,15,2017,"Arts, Crafts & Phography",successful,IT,724056.06,89485.83
3000,0,0,0,2011,"Arts, Crafts & Phography",failed,US,913001.4,15149336.01
40,0,0,0,2017,Design,failed,MX,8728.33,122456.95
2,104298.29,84843.3,2,2017,Food,successful,BE,104298.29,84843.3
22,113972.48,107496.33,22,2016,Food,successful,AU,113972.48,107496.33
14,295903.09,146329.37,14,2015,Fashion,successful,ES,295903.09,146329.37
20,0,0,0,2015,Fashion,failed,IE,14983.9,278963.62
16,127236.2,119979.88,16,2017,"Film, Video & Journalism",successful,NZ,127236.2,119979.88
2,0,0,0,2017,Food,failed,LU,8893.95,62421.74
42,231032.7,146100.87,42,2016,Comics & Publishing,successful,ES,231032.7,146100.87
44,335482.13,229199.66,44,2017,"Arts, Crafts & Phography",successful,FR,335482.13,229199.66
69,221864.23,177045.58,69,2016,"Dance, Music & Theater",successful,FR,221864.23,177045.58
14,208233.69,108710.71,14,2017,Design,successful,BE,208233.69,108710.71
154,4758306.3,869074.31,154,2016,Design,successful,AU,4758306.3,869074.31
22,0,0,0,2013,"Arts, Crafts & Phography",failed,AU,11084.91,9980437.69
8,0,0,0,2016,Games & Technology,failed,LU,9107.84,124657.96
37,0,0,0,2016,"Dance, Music & Theater",failed,DK,2749.93,108396.64
14,0,0,0,2015,Fashion,failed,NO,220.11,31853
32,0,0,0,2012,Design,failed,GB,85463.46,1190973.27
35,0,0,0,2017,Comics & Publishing,failed,ES,31789.78,380671.78
28,0,0,0,2017,"Arts, Crafts & Phography",failed,NL,22807.79,796746.74
4,0,0,0,2017,Food,failed,NO,2007.75,135378.23
170,499452.51,301267.15,170,2015,Comics & Publishing,successful,AU,499452.51,301267.15
26,94056.67,86099.93,26,2016,"Dance, Music & Theater",successful,NL,94056.67,86099.93
24,1232417.31,622006.54,24,2017,Design,successful,DK,1232417.31,622006.54
23,123181.39,93060.58,23,2017,"Arts, Crafts & Phography",successful,NL,123181.39,93060.58
3351,0,0,0,2016,Design,failed,US,5264489.24,140615236
127,0,0,0,2016,"Dance, Music & Theater",failed,DE,23643.61,2228456.56
12,954538.87,174293.19,12,2015,Games & Technology,successful,AT,954538.87,174293.19
6,146250.2,102685.66,6,2014,Comics & Publishing,successful,SE,146250.2,102685.66
7,8789.23,8076.43,7,2016,Comics & Publishing,successful,LU,8789.23,8076.43
8,183699.36,78668.26,8,2017,Fashion,successful,HK,183699.36,78668.26
3,39447.72,35530.21,3,2017,Food,successful,DK,39447.72,35530.21
270,0,0,0,2015,Fashion,failed,AU,71553.15,2564546.39
11,0,0,0,2017,Comics & Publishing,failed,NO,4708.89,95167.83
69,0,0,0,2016,Food,failed,ES,15944.15,1250867.95
48,0,0,0,2014,Food,failed,NZ,11698.12,316110.37
40,0,0,0,2017,Food,failed,DE,15636.1,3172766.43
161,0,0,0,2016,"Film, Video & Journalism",failed,DE,75293.5,14297020.92
39,0,0,0,2017,Food,failed,AU,46925.3,1263911.36
118,0,0,0,2015,Fashion,failed,DE,33278.59,1141392.07
48,294048.34,215957.96,48,2015,"Film, Video & Journalism",successful,SE,294048.34,215957.96
3968,15488624.97,9827159,3968,2015,"Arts, Crafts & Phography",successful,US,15488624.97,9827159
4,14353.32,13174.03,4,2015,Food,successful,IT,14353.32,13174.03
7,39786.76,36308.83,7,2017,"Film, Video & Journalism",successful,BE,39786.76,36308.83
80,0,0,0,2014,Design,failed,NL,145229.04,1776801.49
176,961733.83,836698.26,176,2016,"Film, Video & Journalism",successful,CA,961733.83,836698.26
1184,13646861.78,7642789,1184,2016,Food,successful,US,13646861.78,7642789
219,6811237.44,1207747.57,219,2016,Design,successful,CA,6811237.44,1207747.57
659,2551481.85,1719469.3,659,2016,Comics & Publishing,successful,GB,2551481.85,1719469.3
10,75569.18,71138.96,10,2014,Food,successful,NZ,75569.18,71138.96
9,0,0,0,2017,"Film, Video & Journalism",failed,BE,787.55,173866.89
24,1579585.34,194866.47,24,2015,Design,successful,IT,1579585.34,194866.47
1266,0,0,0,2010,"Arts, Crafts & Phography",failed,US,332558.86,4525692.37
172,1113904.47,916122.03,172,2014,"Film, Video & Journalism",successful,AU,1113904.47,916122.03
61,395884.18,293997.21,61,2016,Food,successful,CA,395884.18,293997.21
2532,125177294.16,24845302,2532,2016,Design,successful,US,125177294.16,24845302
416,0,0,0,2016,Games & Technology,failed,ES,252030.83,14404768.62
90,0,0,0,2015,"Dance, Music & Theater",failed,FR,17940.85,4218938.38
22,259165.57,103112.61,22,2014,Design,successful,NZ,259165.57,103112.61
318,0,0,0,2015,Comics & Publishing,failed,AU,61834.32,2272063.53
84,0,0,0,2015,Comics & Publishing,failed,IT,32469.01,1762135.37
2,10038.31,8263.65,2,2017,Food,successful,SE,10038.31,8263.65
1062,5138461.32,4178423.5,1062,2013,"Film, Video & Journalism",successful,GB,5138461.32,4178423.5
23,0,0,0,2016,Food,failed,SE,2687.64,554151.14
170,0,0,0,2014,"Arts, Crafts & Phography",failed,NL,37569.17,87357158.62
20,497963.12,186378.49,20,2016,Games & Technology,successful,HK,497963.12,186378.49
74,848237.23,254941.16,74,2013,Comics & Publishing,successful,CA,848237.23,254941.16
7448,31919813.35,26097830,7448,2014,"Dance, Music & Theater",successful,US,31919813.35,26097830
23,0,0,0,2016,Design,failed,SG,28121.88,107491.89
1,215487.75,177794.64,1,2017,"Film, Video & Journalism",successful,LU,215487.75,177794.64
2500,211799190.32,40832601,2500,2017,Games & Technology,successful,US,211799190.32,40832601
51,0,0,0,2016,Design,failed,DK,30696.14,1020402.5
32,0,0,0,2015,"Arts, Crafts & Phography",failed,BE,8286.32,161535.45
17,1122053.22,464172.3,17,2017,Design,successful,SE,1122053.22,464172.3
100,0,0,0,2015,Fashion,failed,IT,35004.3,2047430.74
2,0,0,0,2016,"Film, Video & Journalism",failed,LU,16.45,987.3
44,0,0,0,2017,Food,failed,IT,28981.98,4479572.76
14,0,0,0,2014,Food,failed,NO,22.64,115981.33
14,12763.64,11852.92,14,2015,"Film, Video & Journalism",successful,NO,12763.64,11852.92
269,1209171.05,612727,269,2010,Games & Technology,successful,US,1209171.05,612727
57,0,0,0,2017,"Arts, Crafts & Phography",failed,FR,41673.11,29243064.26
199,8871764.84,2465738.2,199,2016,Games & Technology,successful,DE,8871764.84,2465738.2
45,0,0,0,2017,Fashion,failed,FR,71399.72,1001667.62
4,0,0,0,2016,"Dance, Music & Theater",failed,LU,102.62,2255.2
3,21577.89,18371.21,3,2017,Fashion,successful,JP,21577.89,18371.21
80,0,0,0,2015,Food,failed,FR,15438.7,1773268.99
7628,0,0,0,2012,Comics & Publishing,failed,US,2646586.43,50239059.15
24,86144.2,76796.19,24,2015,Comics & Publishing,successful,FR,86144.2,76796.19
10,0,0,0,2014,Comics & Publishing,failed,NO,27.31,137957.56
4,65023.92,34110.92,4,2014,Fashion,successful,DK,65023.92,34110.92
8,0,0,0,2017,Food,failed,NZ,9759.21,106956.32
28,32609.42,29154.23,28,2015,"Dance, Music & Theater",successful,ES,32609.42,29154.23
24,724143.53,559606.47,24,2015,Games & Technology,successful,IE,724143.53,559606.47
40,0,0,0,2015,Fashion,failed,NZ,6745.34,195795.95
706,0,0,0,2013,"Arts, Crafts & Phography",failed,GB,322895.24,3903564.17
8006,0,0,0,2014,Comics & Publishing,failed,US,2754317.29,297914636
250,0,0,0,2014,Food,failed,AU,92769.66,8290866.22
18,29532.82,23336.96,18,2015,Comics & Publishing,successful,IT,29532.82,23336.96
40,53027.85,41939.26,40,2015,"Dance, Music & Theater",successful,DK,53027.85,41939.26
5,22825.69,16851.23,5,2016,"Dance, Music & Theater",successful,SG,22825.69,16851.23
15,34292.14,21176.27,15,2017,"Arts, Crafts & Phography",successful,SG,34292.14,21176.27
23,205125.38,165537.09,23,2016,Games & Technology,successful,BE,205125.38,165537.09
4,6836.01,6266.06,4,2015,"Dance, Music & Theater",successful,LU,6836.01,6266.06
18,0,0,0,2014,Comics & Publishing,failed,SE,6813.32,121183.69
207,6581049.65,1916218.84,207,2017,Games & Technology,successful,CA,6581049.65,1916218.84
10,0,0,0,2013,Food,failed,AU,981.13,142153.33
324,1052504.94,783339.11,324,2014,"Dance, Music & Theater",successful,CA,1052504.94,783339.11
18,0,0,0,2017,"Arts, Crafts & Phography",failed,HK,1624.54,76660.93
12,55827.99,40254.36,12,2017,"Dance, Music & Theater",successful,NO,55827.99,40254.36
4,56757.01,36071.51,4,2016,"Arts, Crafts & Phography",successful,NO,56757.01,36071.51
6,5046.92,4805.76,6,2014,Games & Technology,successful,NO,5046.92,4805.76
511,0,0,0,2016,Games & Technology,failed,DE,637015.15,21424131.73
24,750096.19,253634.45,24,2017,Design,successful,IT,750096.19,253634.45
42,162124.58,141142.63,42,2015,Comics & Publishing,successful,NL,162124.58,141142.63
78,166228.9,146834.31,78,2016,"Dance, Music & Theater",successful,AU,166228.9,146834.31
63,523339.5,224403.92,63,2017,"Arts, Crafts & Phography",successful,AU,523339.5,224403.92
27,0,0,0,2017,"Arts, Crafts & Phography",failed,SG,17401.05,132822.01
78,0,0,0,2016,Games & Technology,failed,DK,109019.4,978679.71
4832,26932250.89,14947768,4832,2013,Comics & Publishing,successful,US,26932250.89,14947768
3,10847.88,9769.51,3,2017,Food,successful,IT,10847.88,9769.51
148,2020294.48,838031.66,148,2015,Design,successful,AU,2020294.48,838031.66
34,182020.55,119430.36,34,2016,Comics & Publishing,successful,NZ,182020.55,119430.36
16,215513.84,207973.5,16,2017,"Film, Video & Journalism",successful,ES,215513.84,207973.5
6,85235.39,35576.25,6,2014,"Film, Video & Journalism",successful,IE,85235.39,35576.25
25,0,0,0,2016,Comics & Publishing,failed,BE,9713.49,205807.16
11,68819.19,66502.31,11,2017,"Film, Video & Journalism",successful,DK,68819.19,66502.31
128,909011.81,550504.32,128,2014,Fashion,successful,CA,909011.81,550504.32
22,74178.9,67703.74,22,2015,Food,successful,AU,74178.9,67703.74
286,717807.92,610333,286,2009,"Film, Video & Journalism",successful,US,717807.92,610333
29,292039.42,198303.7,29,2016,Fashion,successful,ES,292039.42,198303.7
12,0,0,0,2014,Food,failed,IE,2130.33,95545.81
144,0,0,0,2012,Comics & Publishing,failed,GB,53782.79,925834.99
58,1061303.83,903893.08,58,2017,Food,successful,GB,1061303.83,903893.08
1,10404.5,9665.57,1,2016,Food,successful,MX,10404.5,9665.57
67,0,0,0,2016,Comics & Publishing,failed,FR,43408.24,561782.47
86,0,0,0,2014,Fashion,failed,NL,48907.07,658092.87
2,4166.48,3307.39,2,2017,Comics & Publishing,successful,HK,4166.48,3307.39
515,2594624.55,2109417.19,515,2011,Food,successful,US,2594624.55,2109417.19
8,25438.65,23897.69,8,2014,"Dance, Music & Theater",successful,SE,25438.65,23897.69
2,3346.06,3340.5,2,2016,"Dance, Music & Theater",successful,LU,3346.06,3340.5
12,1096692.94,548558.1,12,2015,Games & Technology,successful,BE,1096692.94,548558.1
2,15395.33,12366.4,2,2017,"Arts, Crafts & Phography",successful,LU,15395.33,12366.4
13,0,0,0,2017,"Film, Video & Journalism",failed,DK,18700.15,456474.06
387,4703322.2,2582125.54,387,2014,Design,successful,GB,4703322.2,2582125.54
371,0,0,0,2017,"Arts, Crafts & Phography",failed,GB,410885.73,4897507.06
42,1860228.71,632794.94,42,2017,Games & Technology,successful,SE,1860228.71,632794.94
12,0,0,0,2015,Comics & Publishing,failed,CH,170.18,132965.63
14,42241.37,35388.5,14,2015,"Arts, Crafts & Phography",successful,NO,42241.37,35388.5
68,0,0,0,2017,Design,failed,HK,271849.4,1542775.67
5044,0,0,0,2016,Comics & Publishing,failed,US,1663445.5,49136166
104,0,0,0,2015,"Arts, Crafts & Phography",failed,SE,15403.06,415190.78
21,123131.18,111081.88,21,2016,Comics & Publishing,successful,NL,123131.18,111081.88
70,0,0,0,2017,"Film, Video & Journalism",failed,DE,45123.76,109914902.89
604,12341673.2,3283743,604,2011,Design,successful,US,12341673.2,3283743
480,1637599.04,1221063.09,480,2013,"Arts, Crafts & Phography",successful,GB,1637599.04,1221063.09
88,161023.96,141237.65,88,2015,"Dance, Music & Theater",successful,AU,161023.96,141237.65
125,750143.74,655572.2,125,2014,Food,successful,GB,750143.74,655572.2
691,0,0,0,2015,"Film, Video & Journalism",failed,CA,196092.58,127076854.41
35,0,0,0,2016,Comics & Publishing,failed,NO,11377.57,299261.01
4,345580.1,32183.13,4,2015,Fashion,successful,NO,345580.1,32183.13
136,0,0,0,2015,Games & Technology,failed,NZ,61223.4,2341738.04
68,0,0,0,2015,Design,failed,ES,83301.03,6240187.23
28,80000.26,50567.42,28,2015,Comics & Publishing,successful,NZ,80000.26,50567.42
150,0,0,0,2013,Food,failed,GB,99346.04,2012414.34
54,0,0,0,2013,Fashion,failed,CA,54936.83,378688.39
1394,0,0,0,2017,Fashion,failed,US,992895.08,21835544
33,152420.2,95102.83,33,2017,Comics & Publishing,successful,MX,152420.2,95102.83
62,0,0,0,2016,"Dance, Music & Theater",failed,FR,9769.37,493783.52
322,0,0,0,2015,Games & Technology,failed,ES,219324.7,22414247.18
84,0,0,0,2012,"Dance, Music & Theater",failed,GB,19255.72,578391.44
10,96226.85,27217.72,10,2015,Fashion,successful,SE,96226.85,27217.72
27,394763.38,166120.85,27,2016,Fashion,successful,DK,394763.38,166120.85
1,0,0,0,2017,"Arts, Crafts & Phography",failed,LU,1533.16,7844.07
18,137831.56,121567.37,18,2015,"Film, Video & Journalism",successful,ES,137831.56,121567.37
7,45878.28,38717.4,7,2016,Comics & Publishing,successful,MX,45878.28,38717.4
30,131287.31,69638.36,30,2015,"Film, Video & Journalism",successful,DK,131287.31,69638.36
1054,0,0,0,2014,"Dance, Music & Theater",failed,GB,324619.94,8266492.37
21,896264.76,289912.86,21,2016,Design,successful,HK,896264.76,289912.86
330,2600527.31,1793098.33,330,2014,"Film, Video & Journalism",successful,CA,2600527.31,1793098.33
110,0,0,0,2016,Fashion,failed,FR,75576.12,1355930.2
5574,226583530.62,58355267,5574,2015,Games & Technology,successful,US,226583530.62,58355267
88,0,0,0,2017,"Film, Video & Journalism",failed,AU,135695.3,6937968.67
553,2381813.1,1655560.1,553,2014,Comics & Publishing,successful,GB,2381813.1,1655560.1
4,11509.65,10250.28,4,2017,"Film, Video & Journalism",successful,NO,11509.65,10250.28
6,0,0,0,2014,"Dance, Music & Theater",failed,IE,149.8,17244.38
68,0,0,0,2017,"Film, Video & Journalism",failed,IT,70632.27,26718457.69
86,197121.92,174308,86,2010,Fashion,successful,US,197121.92,174308
859,5296870.2,2615274.5,859,2012,Fashion,successful,US,5296870.2,2615274.5
100,431022.91,397977.76,100,2016,"Film, Video & Journalism",successful,AU,431022.91,397977.76
32,0,0,0,2016,Food,failed,NZ,13881.54,1514022.69
2048,5776407.76,4238623.79,2048,2011,Comics & Publishing,successful,US,5776407.76,4238623.79
196,0,0,0,2016,Games & Technology,failed,NL,476236.33,7074782.02
10,36818.82,23507.93,10,2016,Fashion,successful,BE,36818.82,23507.93
25,485020.4,195950.79,25,2017,Fashion,successful,AU,485020.4,195950.79
1063,0,0,0,2010,Comics & Publishing,failed,US,229599.88,3040664.29
1,0,0,0,2016,"Dance, Music & Theater",failed,SG,0,2137.21
4,5940.66,4004.5,4,2014,"Dance, Music & Theater",successful,IE,5940.66,4004.5
14,48438.48,45663.35,14,2017,"Dance, Music & Theater",successful,ES,48438.48,45663.35
34,294739.57,103092.8,34,2016,"Arts, Crafts & Phography",successful,ES,294739.57,103092.8
10,0,0,0,2016,"Film, Video & Journalism",failed,SG,1291.08,508859.87
174,0,0,0,2013,Comics & Publishing,failed,CA,67892.43,902782.22
8,411600.55,187643.31,8,2017,Games & Technology,successful,IE,411600.55,187643.31
4408,0,0,0,2014,Design,failed,US,5138563.62,76410728
26,0,0,0,2015,Fashion,failed,SE,6333.12,2771774
222,0,0,0,2015,Games & Technology,failed,SE,76062.52,5034008.4
6,178264.12,121545.7,6,2014,Games & Technology,successful,DK,178264.12,121545.7
19,273273.78,159696.81,19,2017,Comics & Publishing,successful,IT,273273.78,159696.81
20,78636.36,72932.37,20,2017,"Dance, Music & Theater",successful,DK,78636.36,72932.37
31,56817.6,39935.71,31,2016,"Arts, Crafts & Phography",successful,DK,56817.6,39935.71
112,1136348.32,563442.24,112,2016,Fashion,successful,CA,1136348.32,563442.24
598,0,0,0,2017,Games & Technology,failed,GB,1101894.12,31272719.57
16,0,0,0,2017,Food,failed,SE,27429.89,489730.61
632,0,0,0,2011,Food,failed,US,458549.34,4810302.74
14,0,0,0,2014,"Film, Video & Journalism",failed,IE,36384.29,132895.56
366,788994.71,642176.91,366,2009,"Dance, Music & Theater",successful,US,788994.71,642176.91
46,0,0,0,2017,"Dance, Music & Theater",failed,IT,9181.13,3293401.02
13,0,0,0,2017,Design,failed,DK,20152.6,188921.31
64,0,0,0,2015,"Arts, Crafts & Phography",failed,NZ,4156.49,113795.3
34,0,0,0,2017,"Dance, Music & Theater",failed,AU,15964.62,189947.98
34,0,0,0,2017,Design,failed,SG,88995.45,475702.57
10,94896.27,85122.37,10,2015,Fashion,successful,IT,94896.27,85122.37
12,58708.73,34637.57,12,2014,Fashion,successful,NZ,58708.73,34637.57
4,0,0,0,2016,"Film, Video & Journalism",failed,HK,47.71,52864.88
100,0,0,0,2016,Food,failed,IT,18398.68,2885896.13
1044,16844950.81,6113596,1044,2016,Fashion,successful,US,16844950.81,6113596
32,343747.87,261493.03,32,2017,Comics & Publishing,successful,FR,343747.87,261493.03
6,0,0,0,2014,"Arts, Crafts & Phography",failed,NO,31.36,4711.7
4739,0,0,0,2012,"Arts, Crafts & Phography",failed,US,1950907.7,27367965.15
73,251048.79,183324.58,73,2016,"Arts, Crafts & Phography",successful,DE,251048.79,183324.58
35,194471.26,174018.42,35,2017,"Dance, Music & Theater",successful,DE,194471.26,174018.42
12,14308.33,12338.97,12,2013,"Dance, Music & Theater",successful,NZ,14308.33,12338.97
160,0,0,0,2015,Games & Technology,failed,DK,145793.78,4354880.04
31,0,0,0,2017,Comics & Publishing,failed,FR,19635.14,237584.5
16,0,0,0,2013,Fashion,failed,AU,6839.63,70507.5
14,372343.44,134072.89,14,2017,Fashion,successful,SE,372343.44,134072.89
16,0,0,0,2017,"Film, Video & Journalism",failed,NZ,79316.23,503044.47
8466,0,0,0,2014,"Arts, Crafts & Phography",failed,US,2443708.41,121240402
26,87410.23,52938.85,26,2015,"Arts, Crafts & Phography",successful,IE,87410.23,52938.85
792,0,0,0,2013,Comics & Publishing,failed,GB,293256.1,5357133.76
326,0,0,0,2017,Games & Technology,failed,CA,388729.34,13412529.8
594,0,0,0,2015,Games & Technology,failed,DE,522541.86,32109599.4
1852,0,0,0,2012,Design,failed,US,4060707.84,31632304
62,0,0,0,2014,Comics & Publishing,failed,NL,41753.28,435289.5
4,13594,10312.96,4,2016,"Arts, Crafts & Phography",successful,HK,13594,10312.96
3,17044.95,16015.52,3,2017,"Dance, Music & Theater",successful,HK,17044.95,16015.52
14,280978.95,115101.94,14,2014,Design,successful,DK,280978.95,115101.94
336,0,0,0,2015,"Arts, Crafts & Phography",failed,AU,25445.3,2080272.62
13,0,0,0,2017,"Dance, Music & Theater",failed,NZ,21626.96,109595.86
160,0,0,0,2015,"Arts, Crafts & Phography",failed,IT,17179.43,51796225.98
415,0,0,0,2016,Design,failed,GB,661705.81,7264243.71
15,178242.07,143386.06,15,2017,"Film, Video & Journalism",successful,SE,178242.07,143386.06
1548,15887514.94,7481407,1548,2017,"Arts, Crafts & Phography",successful,US,15887514.94,7481407
4457,22230683.07,17000354,4457,2016,"Dance, Music & Theater",successful,US,22230683.07,17000354
4,4261.92,3546.54,4,2015,"Film, Video & Journalism",successful,BE,4261.92,3546.54
23,51617.11,36149.52,23,2013,Comics & Publishing,successful,AU,51617.11,36149.52
4,0,0,0,2015,Comics & Publishing,failed,BE,17.82,1148.09
1181,2257137.59,1866689.43,1181,2010,"Arts, Crafts & Phography",successful,US,2257137.59,1866689.43
2,26059.42,23379.78,2,2014,Food,successful,DK,26059.42,23379.78
2,0,0,0,2014,Fashion,failed,IE,0,56490.15
9,0,0,0,2017,Food,failed,BE,4697.25,1039523.25
6,70340.37,44030.74,6,2016,Food,successful,IT,70340.37,44030.74
44,465227.9,247902.59,44,2014,Fashion,successful,AU,465227.9,247902.59
112,1840516.58,753904.08,112,2015,Games & Technology,successful,NL,1840516.58,753904.08
152,4917180.57,1591361.31,152,2015,Games & Technology,successful,FR,4917180.57,1591361.31
191,0,0,0,2016,Fashion,failed,AU,52897,880608.54
27,0,0,0,2016,"Dance, Music & Theater",failed,NO,3621.23,70473.34
40,0,0,0,2015,Food,failed,ES,2868.72,1035328.29
98,0,0,0,2016,Fashion,failed,DE,68950.04,827440.69
50,423556.76,213756.06,50,2016,Comics & Publishing,successful,DE,423556.76,213756.06
51,0,0,0,2017,Fashion,failed,ES,91657.27,1237842.91
5,0,0,0,2017,Food,failed,HK,77.26,151456.09
22,0,0,0,2015,"Dance, Music & Theater",failed,CH,2113.41,415141.54
30,371141.1,204692.85,30,2015,Games & Technology,successful,IT,371141.1,204692.85
30,0,0,0,2017,Games & Technology,failed,BE,112168.41,2021884.5
4310,0,0,0,2016,"Dance, Music & Theater",failed,US,1389544.93,89284968
2,9652.52,9135.24,2,2015,Design,successful,LU,9652.52,9135.24
2,5231.11,5108.5,2,2015,"Film, Video & Journalism",successful,CH,5231.11,5108.5
20,57826.93,50248.66,20,2015,Comics & Publishing,successful,IE,57826.93,50248.66
111,0,0,0,2016,"Film, Video & Journalism",failed,ES,111473.58,902719.49
12,203443.37,123265.62,12,2016,Food,successful,SE,203443.37,123265.62
59,0,0,0,2016,"Dance, Music & Theater",failed,ES,10354.79,19014848.56
450,0,0,0,2015,Games & Technology,failed,FR,351335.77,124278035.44
8,22855.92,19824.49,8,2015,Food,successful,DK,22855.92,19824.49
6,0,0,0,2013,"Arts, Crafts & Phography",failed,NZ,1952.09,22776.84
16,35719.22,32539,16,2009,Design,successful,US,35719.22,32539
94,3359048.17,1109888.62,94,2013,Games & Technology,successful,CA,3359048.17,1109888.62
10,0,0,0,2016,Fashion,failed,NO,1313.04,106182.6
24,0,0,0,2016,"Arts, Crafts & Phography",failed,MX,14687.36,182554.32
9,0,0,0,2017,Comics & Publishing,failed,DK,3105.38,104500.84
5585,0,0,0,2016,"Film, Video & Journalism",failed,US,3998590.64,760226369
18,0,0,0,2015,"Film, Video & Journalism",failed,CH,14363.54,698044.53
12,25385.3,24297.76,12,2014,"Film, Video & Journalism",successful,NL,25385.3,24297.76
61,0,0,0,2017,Comics & Publishing,failed,DE,78350.02,702056.14
7,56873.25,52335.34,7,2017,Fashion,successful,BE,56873.25,52335.34
44,0,0,0,2017,Games & Technology,failed,NZ,60199.31,920185.29
16,133218.62,128178.54,16,2015,Food,successful,NZ,133218.62,128178.54
5,0,0,0,2016,Food,failed,HK,404.03,25783.6
192,0,0,0,2015,"Film, Video & Journalism",failed,DE,106289.44,7066487.82
83,557133.86,302682.05,83,2016,Fashion,successful,AU,557133.86,302682.05
139,0,0,0,2017,"Film, Video & Journalism",failed,CA,60100.96,22382363.75
848,9320733.93,3564794.68,848,2011,Games & Technology,successful,US,9320733.93,3564794.68
12,50314.11,45878.58,12,2015,Food,successful,ES,50314.11,45878.58
5,66096.83,60723.8,5,2017,Fashion,successful,DK,66096.83,60723.8
8,0,0,0,2017,"Arts, Crafts & Phography",failed,NO,10675.16,69385.78
137,0,0,0,2017,"Film, Video & Journalism",failed,MX,61023.77,978756.52
588,0,0,0,2016,Comics & Publishing,failed,GB,312684.99,4897332.53
97,0,0,0,2016,Design,failed,NL,335469.6,4116512.1
50,0,0,0,2016,Design,failed,CH,107296.9,1605878.33
22,0,0,0,2015,"Arts, Crafts & Phography",failed,AT,4436.33,289650.35
1163,0,0,0,2014,Games & Technology,failed,CA,1317603.66,28584447.85
74,3749526.8,1117070.95,74,2017,Design,successful,HK,3749526.8,1117070.95
11,111431.41,55750.91,11,2016,Games & Technology,successful,MX,111431.41,55750.91
6,8109.98,6572.4,6,2015,"Dance, Music & Theater",successful,CH,8109.98,6572.4
54,0,0,0,2015,"Arts, Crafts & Phography",failed,IE,10289.24,2023218.57
2003,0,0,0,2017,"Arts, Crafts & Phography",failed,US,991474.92,123633688
77,0,0,0,2014,"Film, Video & Journalism",failed,NZ,69445.46,966954.76
14,0,0,0,2016,Food,failed,BE,1327.29,438958.73
1,12398.44,11657.05,1,2017,Fashion,successful,LU,12398.44,11657.05
44,0,0,0,2014,"Dance, Music & Theater",failed,NZ,24065.63,125332.41
4,4441.84,1967.68,4,2014,Food,successful,SE,4441.84,1967.68
30,0,0,0,2015,Food,failed,IE,20542.65,680742.89
2,0,0,0,2017,Fashion,failed,LU,137.84,35152.94
6,0,0,0,2017,Fashion,failed,IE,3543.89,121944.81
48,0,0,0,2017,"Arts, Crafts & Phography",failed,ES,10419.19,243626.44
24,0,0,0,2017,Comics & Publishing,failed,NL,18804.78,238305.69
36,107745.94,95795.69,36,2014,"Dance, Music & Theater",successful,NL,107745.94,95795.69
62,1825786.45,853682.62,62,2017,Games & Technology,successful,NL,1825786.45,853682.62
24,0,0,0,2016,Food,failed,AT,36265.28,850726.24
139,0,0,0,2017,"Dance, Music & Theater",failed,MX,26387.75,954236.53
8,0,0,0,2015,Games & Technology,failed,LU,634.36,354319.74
6,42997.81,35795.63,6,2014,Design,successful,SE,42997.81,35795.63
995,4301734.79,3441372.98,995,2015,"Film, Video & Journalism",successful,GB,4301734.79,3441372.98
8,24026.94,15923.8,8,2015,"Arts, Crafts & Phography",successful,AT,24026.94,15923.8
4309,20400368.27,11196777.72,4309,2012,Comics & Publishing,successful,US,20400368.27,11196777.72
352,1568328.92,795588.29,352,2015,Comics & Publishing,successful,CA,1568328.92,795588.29
92,401540.64,290112.84,92,2016,Comics & Publishing,successful,SE,401540.64,290112.84
126,0,0,0,2016,Food,failed,DE,41196.02,7391940.17
9,768617.13,348598.51,9,2017,Games & Technology,successful,AT,768617.13,348598.51
1,801.82,748.37,1,2017,Food,successful,ES,801.82,748.37
28,130946.83,77009.46,28,2016,Comics & Publishing,successful,NO,130946.83,77009.46
29,0,0,0,2017,Food,failed,ES,10967.75,1986535.19
7173,0,0,0,2015,"Dance, Music & Theater",failed,US,1921647.21,238477333
8,0,0,0,2017,"Dance, Music & Theater",failed,IE,3092.13,35413.41
438,0,0,0,2014,"Film, Video & Journalism",failed,AU,195838.04,18429276.81
29,0,0,0,2016,"Dance, Music & Theater",failed,CH,7147.02,168437.88
4,35205.18,29225.43,4,2017,Food,successful,NZ,35205.18,29225.43
68,0,0,0,2015,"Film, Video & Journalism",failed,ES,10146.91,1346906.84
93,0,0,0,2016,Food,failed,AU,12226.01,3429416.72
4,3366.9,2740.29,4,2015,Fashion,successful,BE,3366.9,2740.29
7,69833.39,59343.04,7,2017,Comics & Publishing,successful,SG,69833.39,59343.04
11,0,0,0,2017,"Dance, Music & Theater",failed,AT,1604.57,154208.26
58,0,0,0,2015,Fashion,failed,ES,36982.65,1186438.25
22,582102.91,166812.7,22,2017,Design,successful,ES,582102.91,166812.7
4121,14715129.53,10695008,4121,2013,"Arts, Crafts & Phography",successful,US,14715129.53,10695008
44,0,0,0,2015,"Dance, Music & Theater",failed,NO,989.13,154202.77
101,688984.29,509118.33,101,2017,Comics & Publishing,successful,AU,688984.29,509118.33
19,0,0,0,2017,Fashion,failed,HK,20851.56,232712.7
17,567415.1,131940.61,17,2017,Design,successful,NZ,567415.1,131940.61
38,223860.34,192271.27,38,2015,"Arts, Crafts & Phography",successful,NL,223860.34,192271.27
16,0,0,0,2014,Design,failed,DK,17069.54,201419.37
31,199965.89,161495.1,31,2016,"Film, Video & Journalism",successful,IT,199965.89,161495.1
2021,0,0,0,2014,Games & Technology,failed,GB,2577527.81,42841491.19
1527,19938424.59,8642693,1527,2015,Fashion,successful,US,19938424.59,8642693
348,0,0,0,2016,Comics & Publishing,failed,CA,126401.79,2695776.18
58,0,0,0,2015,"Film, Video & Journalism",failed,NO,21113.79,361925.74
44,307336.02,138356.39,44,2014,Games & Technology,successful,NZ,307336.02,138356.39
48,100784.94,82486.83,48,2014,Food,successful,AU,100784.94,82486.83
14,12904.98,10527.16,14,2016,"Arts, Crafts & Phography",successful,NZ,12904.98,10527.16
6,24854.68,19833.64,6,2017,"Dance, Music & Theater",successful,NZ,24854.68,19833.64
41,1075488.06,654758.85,41,2016,Games & Technology,successful,CH,1075488.06,654758.85
19,237134.17,154027.8,19,2016,Fashion,successful,IT,237134.17,154027.8
14,0,0,0,2016,Food,failed,NO,868.66,371024.64
18,0,0,0,2017,"Film, Video & Journalism",failed,AT,5472.27,367929.13
84,0,0,0,2013,Design,failed,CA,204132.38,1583171.87
464,0,0,0,2016,Games & Technology,failed,FR,554159.88,15709736.02
50,0,0,0,2015,"Dance, Music & Theater",failed,ES,1476.74,3089641.84
1330,0,0,0,2017,Design,failed,US,2755833.8,46398513
128,733735.77,405980.29,128,2015,Fashion,successful,CA,733735.77,405980.29
140,0,0,0,2012,Games & Technology,failed,GB,496526.75,5245051.09
78,643053.64,383224.87,78,2016,"Film, Video & Journalism",successful,FR,643053.64,383224.87
122,2157943.7,747737.11,122,2014,Design,successful,AU,2157943.7,747737.11
224,0,0,0,2014,"Dance, Music & Theater",failed,AU,90824.14,7652464.13
37,0,0,0,2016,"Film, Video & Journalism",failed,CH,13622.98,6841106.16
21,0,0,0,2017,"Film, Video & Journalism",failed,IE,26730.71,175506.06
9660,0,0,0,2015,"Film, Video & Journalism",failed,US,6627554.95,833621762
30,0,0,0,2014,Food,failed,SE,1689.87,2816546.06
11,0,0,0,2016,Design,failed,MX,5961.29,85111.57
64,151976.4,110610.61,64,2013,"Arts, Crafts & Phography",successful,CA,151976.4,110610.61
4,0,0,0,2017,Fashion,failed,AT,3313.82,47923.38
136,0,0,0,2015,"Film, Video & Journalism",failed,SE,34984.29,3675441.29
36,0,0,0,2016,Games & Technology,failed,SG,69626.16,577064.78
38,0,0,0,2016,Food,failed,IE,11575.9,861657.86
141,0,0,0,2016,Comics & Publishing,failed,DE,60021.27,2033099.26
44,643025.84,325775.93,44,2015,Games & Technology,successful,DK,643025.84,325775.93
3568,0,0,0,2016,Food,failed,US,1954988.35,162245831
4,0,0,0,2017,Design,failed,JP,21316.16,57338
10,0,0,0,2017,Design,failed,NO,51012.75,291608.71
58,0,0,0,2014,"Arts, Crafts & Phography",failed,NZ,6134.92,490950.8
58,0,0,0,2015,"Film, Video & Journalism",failed,IE,9138.98,425143.07
2035,0,0,0,2017,"Film, Video & Journalism",failed,US,2463617.65,440909421
71,175092.36,140829.72,71,2016,"Dance, Music & Theater",successful,DE,175092.36,140829.72
56,462375,360941.42,56,2017,"Arts, Crafts & Phography",successful,DE,462375,360941.42
40,0,0,0,2017,"Dance, Music & Theater",failed,ES,31151.81,620905.74
18,0,0,0,2015,"Film, Video & Journalism",failed,AT,749.06,198541.68
4,11268.98,8247.69,4,2013,"Arts, Crafts & Phography",successful,NZ,11268.98,8247.69
24,0,0,0,2012,Food,failed,GB,26078.16,319618.77
28,0,0,0,2016,Comics & Publishing,failed,DK,3610.84,123079.1
133,0,0,0,2017,"Arts, Crafts & Phography",failed,MX,29174.17,857641.25
7603,48694958.56,40551032.01,7603,2012,"Film, Video & Journalism",successful,US,48694958.56,40551032.01
3,34732.45,30200.27,3,2017,Fashion,successful,NO,34732.45,30200.27
280,1247415.72,992360.55,280,2015,"Film, Video & Journalism",successful,CA,1247415.72,992360.55
18,0,0,0,2015,"Dance, Music & Theater",failed,AT,1525.66,675954.09
4963,148376899.16,47144221,4963,2014,Games & Technology,successful,US,148376899.16,47144221
35,318481.94,134134.54,35,2016,"Film, Video & Journalism",successful,SE,318481.94,134134.54
39,0,0,0,2017,"Film, Video & Journalism",failed,ES,9635.13,2660189.91
1980,18483055.08,14630387,1980,2017,"Dance, Music & Theater",successful,US,18483055.08,14630387
2822,16710824.88,8372817,2822,2016,"Arts, Crafts & Phography",successful,US,16710824.88,8372817
633,2771451.15,1690182.04,633,2015,Comics & Publishing,successful,GB,2771451.15,1690182.04
3523,8072629.69,6700133.6,3523,2010,"Dance, Music & Theater",successful,US,8072629.69,6700133.6
112,0,0,0,2016,Games & Technology,failed,BE,79546.02,3033331.09
22,0,0,0,2017,Comics & Publishing,failed,SG,7197.83,185088.84
15,0,0,0,2017,Fashion,failed,NZ,21703.79,143939.51
110,0,0,0,2014,Games & Technology,failed,NZ,37033.29,9926024.57
31,737473.59,280066.11,31,2016,Design,successful,NZ,737473.59,280066.11
7008,67349863.52,51245391,7008,2013,"Film, Video & Journalism",successful,US,67349863.52,51245391
13,0,0,0,2016,Fashion,failed,SG,22386.5,79477.3
25,0,0,0,2016,Fashion,failed,DK,18200.88,334608.44
7,0,0,0,2017,"Film, Video & Journalism",failed,HK,2609.84,559074.43
2,54677.49,12042.97,2,2014,Fashion,successful,IE,54677.49,12042.97
116,0,0,0,2015,Design,failed,IT,71382.45,3118613.83
10044,24369853.36,19840046.07,10044,2011,"Dance, Music & Theater",successful,US,24369853.36,19840046.07
18,1400956.61,316226.63,18,2016,Design,successful,AT,1400956.61,316226.63
24,35505.09,24513.64,24,2014,Food,successful,NL,35505.09,24513.64
105,0,0,0,2016,"Dance, Music & Theater",failed,IT,16091.61,1599033.66
20,34262.27,32336.01,20,2015,"Film, Video & Journalism",successful,NL,34262.27,32336.01
109,0,0,0,2016,"Dance, Music & Theater",failed,AU,43518.44,2232677.23
629,0,0,0,2014,Comics & Publishing,failed,CA,118146.88,4641495.8
1305,0,0,0,2016,Games & Technology,failed,GB,1198593.68,31402199.08
1103,3012796.43,2567773.15,1103,2014,"Dance, Music & Theater",successful,GB,3012796.43,2567773.15
462,18304504.7,4571597.4,462,2017,Games & Technology,successful,GB,18304504.7,4571597.4
8,0,0,0,2017,"Film, Video & Journalism",failed,SG,2237.89,124206.04
4,17468.86,13258.35,4,2016,Food,successful,AT,17468.86,13258.35
28,259542.92,190929.22,28,2014,Design,successful,NL,259542.92,190929.22
28,308691.43,214020.83,28,2017,"Dance, Music & Theater",successful,FR,308691.43,214020.83
81,326298.43,262629.49,81,2016,"Arts, Crafts & Phography",successful,FR,326298.43,262629.49
6,0,0,0,2017,"Dance, Music & Theater",failed,SG,4452.82,181152.11
62,0,0,0,2015,Design,failed,NZ,37502.08,721617.48
2,0,0,0,2015,Comics & Publishing,failed,LU,8.75,4923.47
138,300597.82,229342.29,138,2009,Comics & Publishing,successful,US,300597.82,229342.29
91,0,0,0,2017,Games & Technology,failed,NL,150288.74,3147585.02
239,0,0,0,2016,"Film, Video & Journalism",failed,AU,219108.14,24584564.28
46,0,0,0,2017,Design,failed,FR,110474.99,1248704.12
112,0,0,0,2016,"Film, Video & Journalism",failed,IT,13543.25,1362501.4
46,189925.14,164272.23,46,2016,"Arts, Crafts & Phography",successful,IT,189925.14,164272.23
8,21080.67,18421.97,8,2017,"Dance, Music & Theater",successful,IT,21080.67,18421.97
11,190652.24,63200.86,11,2017,Comics & Publishing,successful,DK,190652.24,63200.86
38,91235.62,81680.21,38,2016,"Film, Video & Journalism",successful,NZ,91235.62,81680.21
2,0,0,0,2017,"Dance, Music & Theater",failed,HK,12.78,106850.47
12,38005.38,29110.49,12,2014,Comics & Publishing,successful,IE,38005.38,29110.49
21,520531.13,255142,21,2017,Comics & Publishing,successful,ES,520531.13,255142
118,0,0,0,2014,"Film, Video & Journalism",failed,NL,32868.08,7307860.58
4,3517.3,3468.23,4,2014,Fashion,successful,NO,3517.3,3468.23
6,31246.75,16811.47,6,2015,Comics & Publishing,successful,NO,31246.75,16811.47
729,0,0,0,2013,"Dance, Music & Theater",failed,GB,230358.89,5436345.42
1,609.29,593.85,1,2017,Comics & Publishing,successful,LU,609.29,593.85
178,1287038.3,989447.03,178,2015,Food,successful,GB,1287038.3,989447.03
1386,0,0,0,2011,Games & Technology,failed,US,829888.91,11912047.48
60,0,0,0,2013,Games & Technology,failed,AU,63462.27,1015285.42
40,0,0,0,2017,"Dance, Music & Theater",failed,FR,34000.52,457170.99
2,0,0,0,2016,"Arts, Crafts & Phography",failed,LU,0,56814.95
114,887400.09,643485.39,114,2013,"Film, Video & Journalism",successful,CA,887400.09,643485.39
48,585991.82,319819.77,48,2016,Design,successful,SE,585991.82,319819.77
5250,0,0,0,2015,Design,failed,US,6747427.28,251344257
34,881559.76,393031.49,34,2015,Design,successful,DK,881559.76,393031.49
12,0,0,0,2014,Fashion,failed,SE,5088.52,60520.02
646,0,0,0,2015,Comics & Publishing,failed,CA,142314.01,4319556.78
661,1345689.79,1030602.99,661,2010,Comics & Publishing,successful,US,1345689.79,1030602.99
34,83853.05,74550,34,2009,Food,successful,US,83853.05,74550
8,22785.32,16021.5,8,2013,"Arts, Crafts & Phography",successful,AU,22785.32,16021.5
1171,2896124.6,2500182.12,1171,2015,"Dance, Music & Theater",successful,GB,2896124.6,2500182.12
406,0,0,0,2013,Design,failed,GB,718502.12,6785256.25
2106,24856935.84,12717727,2106,2017,Comics & Publishing,successful,US,24856935.84,12717727
27,0,0,0,2016,"Film, Video & Journalism",failed,NO,31866.55,694202.97
430,0,0,0,2015,"Dance, Music & Theater",failed,CA,118581.27,7835235
6544,0,0,0,2015,Food,failed,US,3026830.26,179890168
56,0,0,0,2017,"Dance, Music & Theater",failed,DE,41711.6,1515751.05
6,0,0,0,2014,Fashion,failed,DK,30.62,25710.98
12,0,0,0,2017,"Dance, Music & Theater",failed,DK,991.14,229382.17
95,0,0,0,2016,Comics & Publishing,failed,ES,12929,580972.08
56,0,0,0,2016,"Arts, Crafts & Phography",failed,NL,16247.64,401619.95
40,1071968.02,601154.43,40,2017,"Film, Video & Journalism",successful,AU,1071968.02,601154.43
66,0,0,0,2015,"Arts, Crafts & Phography",failed,ES,2261.7,445996.2
100,0,0,0,2015,Comics & Publishing,failed,NL,18073.44,1286765.91
3,0,0,0,2017,Games & Technology,failed,LU,32243.61,172032.44
47,1104146.74,610866.26,47,2015,Design,successful,NL,1104146.74,610866.26
416,0,0,0,2014,"Arts, Crafts & Phography",failed,AU,72415.33,3356254.02
11,0,0,0,2016,Fashion,failed,MX,965.9,64255.74
11,0,0,0,2017,Design,failed,AT,16719.58,178582.07
18,0,0,0,2009,Food,failed,US,2780,50050
10,18948.03,15409.76,10,2015,Food,successful,NL,18948.03,15409.76
1,1163.97,1102.94,1,2017,"Film, Video & Journalism",successful,SG,1163.97,1102.94
296,0,0,0,2014,Fashion,failed,CA,124209.3,2955851.24
7,42110.12,41198.68,7,2016,"Film, Video & Journalism",successful,NO,42110.12,41198.68
672,0,0,0,2014,Food,failed,GB,273513.64,187311697.04
2,5086.86,2116,2,2015,Fashion,successful,IE,5086.86,2116
1,661.61,661.61,1,2017,Comics & Publishing,successful,JP,661.61,661.61
8,0,0,0,2015,Fashion,failed,CH,1277.1,37766.42
100,0,0,0,2015,Fashion,failed,NL,45590.14,1029139.44
9,0,0,0,2017,Design,failed,BE,23822.47,200088.98
138,4653895.78,1850275.33,138,2015,Games & Technology,successful,DE,4653895.78,1850275.33
224,443713.51,380142.63,224,2009,"Arts, Crafts & Phography",successful,US,443713.51,380142.63
42,0,0,0,2015,"Arts, Crafts & Phography",failed,NO,1537.66,1321531.3
23,0,0,0,2017,Food,failed,NL,10641.1,330701.83
8,0,0,0,2017,Food,failed,CH,9846.56,254203.71
5,148040.67,101833.34,5,2017,Fashion,successful,AT,148040.67,101833.34
74,0,0,0,2014,Games & Technology,failed,DK,24041.31,853416.02
10,239486.78,71967.92,10,2015,Fashion,successful,CH,239486.78,71967.92
68,3498414.17,815922.84,68,2015,Design,successful,FR,3498414.17,815922.84
76,790218.28,342765.75,76,2016,Comics & Publishing,successful,FR,790218.28,342765.75
36,201642.98,148955.93,36,2017,"Arts, Crafts & Phography",successful,ES,201642.98,148955.93
26,152214.76,132564.8,26,2016,"Dance, Music & Theater",successful,ES,152214.76,132564.8
4,4381.43,4299.16,4,2014,"Arts, Crafts & Phography",successful,IE,4381.43,4299.16
61,0,0,0,2016,Comics & Publishing,failed,SE,43055.25,426203.89
33,552839.69,316197.73,33,2016,Games & Technology,successful,IE,552839.69,316197.73
17,0,0,0,2017,"Arts, Crafts & Phography",failed,IE,8231.14,249271.62
8923,0,0,0,2015,"Arts, Crafts & Phography",failed,US,1859941.33,174193341
48,0,0,0,2016,"Arts, Crafts & Phography",failed,CH,12856.27,542945.23
2,26848.47,24531.85,2,2013,Fashion,successful,NZ,26848.47,24531.85
21,106746.57,19938.91,21,2017,"Arts, Crafts & Phography",successful,DK,106746.57,19938.91
23,63907.86,53736,23,2016,"Dance, Music & Theater",successful,DK,63907.86,53736
54,191655.07,106725.8,54,2016,Comics & Publishing,successful,IT,191655.07,106725.8
14,104378.79,94784.87,14,2015,Food,successful,FR,104378.79,94784.87
26,0,0,0,2017,"Arts, Crafts & Phography",failed,AT,18764.93,505125.45
34,629728.03,259134.37,34,2015,Games & Technology,successful,ES,629728.03,259134.37
7,41152.39,34025.04,7,2017,Fashion,successful,MX,41152.39,34025.04
229,1918081.66,1203798.28,229,2016,Fashion,successful,GB,1918081.66,1203798.28
8,0,0,0,2017,"Film, Video & Journalism",failed,NO,7593.73,250441.22
70,0,0,0,2014,Games & Technology,failed,SE,22486.13,2259667.71
26,121655.95,109895.33,26,2015,"Dance, Music & Theater",successful,IE,121655.95,109895.33
220,0,0,0,2010,Fashion,failed,US,51583.11,632246
1803,0,0,0,2017,"Dance, Music & Theater",failed,US,1115563.35,53688541
28,0,0,0,2015,"Dance, Music & Theater",failed,IE,4558.69,2577057.67
90,0,0,0,2017,Design,failed,AU,225179.08,2353996.65
10,34697.96,26032,10,2012,Fashion,successful,GB,34697.96,26032
16,156771.57,60608.78,16,2017,"Arts, Crafts & Phography",successful,HK,156771.57,60608.78
83,0,0,0,2016,Design,failed,ES,129631.5,1421464.96
10,0,0,0,2017,"Dance, Music & Theater",failed,NO,7913.38,91832.24
34,0,0,0,2014,Design,failed,NZ,49105.11,1218611.63
43,453495.78,320212.48,43,2016,Fashion,successful,DE,453495.78,320212.48
91,0,0,0,2017,Design,failed,DE,282558.26,2548336.59
6,171206.02,41831.43,6,2017,Food,successful,FR,171206.02,41831.43
73,0,0,0,2016,Fashion,failed,NL,69224.93,1627853.05
334,0,0,0,2015,Games & Technology,failed,IT,228046.27,9196144.71
48,0,0,0,2016,Fashion,failed,CH,78130.83,1084651.07
4,0,0,0,2013,Design,failed,NZ,791.14,2447.65
856,0,0,0,2015,Games & Technology,failed,AU,553189.55,37466661.37
6,63585.1,59669.4,6,2015,Fashion,successful,AT,63585.1,59669.4
5,117989.73,114818.62,5,2017,"Film, Video & Journalism",successful,IE,117989.73,114818.62
12,589836.3,247350.99,12,2017,Fashion,successful,CH,589836.3,247350.99
60,3683853.56,880001.04,60,2017,Design,successful,FR,3683853.56,880001.04
25,0,0,0,2017,"Dance, Music & Theater",failed,SE,9844.04,401895.19
2,5735.9,5615.43,2,2017,Comics & Publishing,successful,CH,5735.9,5615.43
4,9705.68,5744.44,4,2014,"Film, Video & Journalism",successful,DK,9705.68,5744.44
282,0,0,0,2009,"Dance, Music & Theater",failed,US,47853.49,1190293.2
886,0,0,0,2015,"Dance, Music & Theater",failed,GB,327041.15,9318394.15
54,0,0,0,2015,"Arts, Crafts & Phography",failed,DK,12859.6,106955.9
3,12194.82,6752.31,3,2017,Fashion,successful,IE,12194.82,6752.31
121,242339.08,196698.52,121,2014,"Arts, Crafts & Phography",successful,AU,242339.08,196698.52
1470,0,0,0,2015,"Film, Video & Journalism",failed,GB,770731.34,242221849.23
187,1871877.38,933964.96,187,2016,Games & Technology,successful,AU,1871877.38,933964.96
1801,16337423.99,11578513,1801,2013,Food,successful,US,16337423.99,11578513
64,2301315.66,642811.93,64,2013,Design,successful,CA,2301315.66,642811.93
380,0,0,0,2009,"Film, Video & Journalism",failed,US,112107.04,3343351
1,1104.69,1025.1,1,2017,Food,successful,NL,1104.69,1025.1
30,0,0,0,2014,Games & Technology,failed,NO,13712.16,1067715.69
38,0,0,0,2017,"Film, Video & Journalism",failed,SE,35237.31,13347950.69
3676,0,0,0,2012,Games & Technology,failed,US,6777496.03,80252800.52
2,14556.17,5998.21,2,2017,Food,successful,SG,14556.17,5998.21
191,434144.13,329666.58,191,2016,"Arts, Crafts & Phography",successful,CA,434144.13,329666.58
105,484837.71,365815.56,105,2017,"Dance, Music & Theater",successful,CA,484837.71,365815.56
336,4969582.42,2110954.17,336,2014,Games & Technology,successful,CA,4969582.42,2110954.17
130,0,0,0,2017,"Arts, Crafts & Phography",failed,CA,45516.55,1469096.03
4729,48606726.38,37521170,4729,2015,"Film, Video & Journalism",successful,US,48606726.38,37521170
22,115114.9,91281.92,22,2013,Food,successful,CA,115114.9,91281.92
17,350703.25,155009.95,17,2016,Games & Technology,successful,SG,350703.25,155009.95
14,143301.74,86488.43,14,2016,"Dance, Music & Theater",successful,BE,143301.74,86488.43
2187,54040318.23,17326276,2187,2013,Design,successful,US,54040318.23,17326276
7,30847.07,20075.14,7,2017,"Arts, Crafts & Phography",successful,BE,30847.07,20075.14
46,314576.99,65584.09,46,2015,"Arts, Crafts & Phography",successful,SE,314576.99,65584.09
240,0,0,0,2015,"Arts, Crafts & Phography",failed,DE,66748.55,2400844.89
31,5763328.65,561788.38,31,2017,Design,successful,NL,5763328.65,561788.38
8,31952.53,27224.4,8,2016,Comics & Publishing,successful,AT,31952.53,27224.4
11,0,0,0,2017,Design,failed,IE,30248.9,186730.5
7,127820.45,60221.48,7,2017,Games & Technology,successful,NO,127820.45,60221.48
9607,0,0,0,2014,Games & Technology,failed,US,14457416.39,455602539
4,19126.14,13909.6,4,2014,"Dance, Music & Theater",successful,NO,19126.14,13909.6
62,302856.1,209680.26,62,2012,Comics & Publishing,successful,GB,302856.1,209680.26
44,1708837.73,497301.96,44,2017,Design,successful,SG,1708837.73,497301.96
65,0,0,0,2017,Food,failed,MX,11599.19,614106.69
935,0,0,0,2015,Comics & Publishing,failed,GB,352879.21,6414162.46
750,2875622.58,2030796.65,750,2014,"Arts, Crafts & Phography",successful,GB,2875622.58,2030796.65
18,0,0,0,2016,"Arts, Crafts & Phography",failed,AT,26289.33,674804.37
130,0,0,0,2009,Comics & Publishing,failed,US,32040.43,338538
839,19809481.99,5352496.62,839,2016,Games & Technology,successful,GB,19809481.99,5352496.62
32,0,0,0,2017,Comics & Publishing,failed,SE,21591.35,408960.2
552,12742985.35,7366162,552,2017,Food,successful,US,12742985.35,7366162
28,0,0,0,2016,"Arts, Crafts & Phography",failed,IE,2129.1,161159.83
117,4074284.05,1101180.01,117,2017,Design,successful,CA,4074284.05,1101180.01
12,0,0,0,2017,"Arts, Crafts & Phography",failed,CH,5705.3,201735.25
25,0,0,0,2016,Fashion,failed,BE,24151.65,400666.56
3128,7322249.58,5893828.3,3128,2011,"Arts, Crafts & Phography",successful,US,7322249.58,5893828.3
39,429174.96,333491.9,39,2017,Food,successful,CA,429174.96,333491.9
1319,95838072.09,19818123,1319,2017,Design,successful,US,95838072.09,19818123
8,0,0,0,2013,Food,failed,NZ,11389.41,183065.37
50,0,0,0,2017,"Film, Video & Journalism",failed,FR,27536.6,1157238.79
16,84767.2,54034.67,16,2015,Food,successful,DE,84767.2,54034.67
18,0,0,0,2017,Comics & Publishing,failed,NZ,3986.7,118386.03
76,376608.16,342748.53,76,2015,"Film, Video & Journalism",successful,FR,376608.16,342748.53
1289,0,0,0,2013,"Film, Video & Journalism",failed,GB,822104.27,35451850.97
96,0,0,0,2014,"Dance, Music & Theater",failed,NL,5768.01,876632.15
2019,0,0,0,2012,Food,failed,US,1887383.12,24181930.32
6,107964.99,68160.58,6,2016,Design,successful,IE,107964.99,68160.58
184,0,0,0,2013,"Film, Video & Journalism",failed,CA,189439.94,4244787.3
2536,0,0,0,2010,"Dance, Music & Theater",failed,US,634918.09,8486406.93
15,0,0,0,2016,Comics & Publishing,failed,SG,1184.32,152750.9
22,0,0,0,2013,Games & Technology,failed,NZ,31095.04,391561.22
130,0,0,0,2015,"Arts, Crafts & Phography",failed,FR,29397.45,3319398.46
44,0,0,0,2016,Games & Technology,failed,MX,25261.22,416476.51
19,0,0,0,2016,Design,failed,NZ,45101.81,551516.26
4,13891.45,6687.29,4,2016,Food,successful,IE,13891.45,6687.29
18,0,0,0,2014,Comics & Publishing,failed,IE,6753.29,43320.61
3,0,0,0,2016,Comics & Publishing,failed,HK,5.16,21138.93
11,78535.85,49727.46,11,2017,"Arts, Crafts & Phography",successful,CH,78535.85,49727.46
10,47493.47,44490.62,10,2016,"Dance, Music & Theater",successful,CH,47493.47,44490.62
27,352441.24,195967.88,27,2016,Fashion,successful,NL,352441.24,195967.88
24,82814.53,64347.43,24,2014,"Dance, Music & Theater",successful,NZ,82814.53,64347.43
8,63994.24,46763.09,8,2016,Fashion,successful,SG,63994.24,46763.09
30,1015987.46,266891.93,30,2017,Games & Technology,successful,NZ,1015987.46,266891.93
4,15115.29,12651.42,4,2016,Food,successful,CH,15115.29,12651.42
158,0,0,0,2016,Design,failed,IT,192006.37,2959463.68
24,0,0,0,2015,Fashion,failed,DK,23766.13,269734.33
1,0,0,0,2017,"Dance, Music & Theater",failed,JP,1991.77,13472.25
994,0,0,0,2011,Design,failed,US,1093660.66,9987475.42
49,0,0,0,2017,Comics & Publishing,failed,IT,9008.25,865039.33
111,0,0,0,2017,Comics & Publishing,failed,AU,97644.25,1326497.45
7,0,0,0,2017,Food,failed,DK,10165.69,392395.3
11,0,0,0,2017,Food,failed,SG,1530.27,89078.81
150,574465.67,416584.79,150,2014,Comics & Publishing,successful,AU,574465.67,416584.79
6,76569.58,40847.07,6,2013,Fashion,successful,AU,76569.58,40847.07
32,2718199.18,622797.27,32,2016,Design,successful,CH,2718199.18,622797.27
39,282801.3,225869.2,39,2016,Fashion,successful,FR,282801.3,225869.2
18,20256.7,13386.98,18,2012,"Arts, Crafts & Phography",successful,GB,20256.7,13386.98
834,3343239.99,2905647.63,834,2016,"Film, Video & Journalism",successful,GB,3343239.99,2905647.63
26,0,0,0,2017,Design,failed,SE,83438.82,861106.41
9,32062.53,22037.64,9,2016,"Arts, Crafts & Phography",successful,AT,32062.53,22037.64
1,1872.07,1836.84,1,2017,"Dance, Music & Theater",successful,AT,1872.07,1836.84
30,128823.32,102635.4,30,2015,Comics & Publishing,successful,SE,128823.32,102635.4
9,265088.12,208309.75,9,2017,Comics & Publishing,successful,BE,265088.12,208309.75
7106,0,0,0,2014,Food,failed,US,3682059.09,112926654
3922,0,0,0,2010,"Film, Video & Journalism",failed,US,1432873.44,86137263.73
16,0,0,0,2017,"Arts, Crafts & Phography",failed,BE,3083.78,318973.65
98,0,0,0,2013,"Dance, Music & Theater",failed,CA,61241.02,877392.64
308,1376764.45,907507.41,308,2016,Comics & Publishing,successful,CA,1376764.45,907507.41
8,141260.26,58183.02,8,2016,Design,successful,NO,141260.26,58183.02
67,0,0,0,2017,Food,failed,CA,53931.05,1670152.93
264,0,0,0,2017,Fashion,failed,GB,274201.67,3402194.96
2119,0,0,0,2013,Food,failed,US,2454728.45,24320054
8,294522.22,100644.71,8,2017,Food,successful,DE,294522.22,100644.71
674,0,0,0,2015,Food,failed,GB,204617.48,19622252.47
342,0,0,0,2015,Fashion,failed,CA,113362.89,2682580.91
6,55114.08,48705.11,6,2016,Food,successful,NO,55114.08,48705.11
4,17404.18,16348.23,4,2013,Comics & Publishing,successful,NZ,17404.18,16348.23
13,0,0,0,2016,"Dance, Music & Theater",failed,NZ,149.58,27465.56
16,301894.15,107824.56,16,2017,Comics & Publishing,successful,DE,301894.15,107824.56
84,4474976.14,1306206.35,84,2017,Design,successful,DE,4474976.14,1306206.35
248,10249287.88,2819607.37,248,2017,Design,successful,GB,10249287.88,2819607.37
4,17402.34,16077.22,4,2016,Design,successful,MX,17402.34,16077.22
855,0,0,0,2016,Games & Technology,failed,CA,928249.89,25083976.07
4222,0,0,0,2013,"Arts, Crafts & Phography",failed,US,1857335.26,45480797
6,71236.67,69777.9,6,2015,"Film, Video & Journalism",successful,AT,71236.67,69777.9
1003,0,0,0,2014,Comics & Publishing,failed,GB,423977.44,8165652.44
810,3235438.97,1751239.28,810,2015,"Arts, Crafts & Phography",successful,GB,3235438.97,1751239.28
8,19858.16,12007.73,8,2013,"Dance, Music & Theater",successful,AU,19858.16,12007.73
3971,24143873.03,12656997,3971,2016,Comics & Publishing,successful,US,24143873.03,12656997
25,0,0,0,2016,"Film, Video & Journalism",failed,NZ,10211.97,205506.44
302,0,0,0,2016,Design,failed,CA,418200.21,3982754.15
11,106987.42,74076.25,11,2016,Fashion,successful,NZ,106987.42,74076.25
193,0,0,0,2016,"Arts, Crafts & Phography",failed,IT,47101.58,7050554.49
1525,16046205.72,7457804,1525,2014,Fashion,successful,US,16046205.72,7457804
161,0,0,0,2016,"Arts, Crafts & Phography",failed,AU,25790.42,20001987
158,0,0,0,2017,Games & Technology,failed,ES,266951.19,9699850.05
186,5485515.9,2810262.68,186,2016,Games & Technology,successful,FR,5485515.9,2810262.68
6,0,0,0,2015,"Arts, Crafts & Phography",failed,LU,1576.42,142515.68
25,0,0,0,2016,"Film, Video & Journalism",failed,BE,1752.64,364541.65
3,19482.57,11091.26,3,2016,Fashion,successful,AT,19482.57,11091.26
36,186928.73,161278.71,36,2015,Comics & Publishing,successful,DE,186928.73,161278.71
115,2530722.18,894477.25,115,2016,Games & Technology,successful,IT,2530722.18,894477.25
16,116220.58,90592.34,16,2014,Fashion,successful,NL,116220.58,90592.34
12,0,0,0,2014,"Dance, Music & Theater",failed,SE,391.92,77120.32
23,55906.02,43176.84,23,2016,Comics & Publishing,successful,IE,55906.02,43176.84
42,185121.7,151436.55,42,2014,"Film, Video & Journalism",successful,NZ,185121.7,151436.55
22,0,0,0,2013,Design,failed,AU,51926.38,187359.09
9,27642.83,26100.17,9,2016,"Film, Video & Journalism",successful,CH,27642.83,26100.17
198,0,0,0,2016,Food,failed,CA,95641.82,3364019.25
505,0,0,0,2016,Fashion,failed,GB,186653.82,3069829.73
34,0,0,0,2014,"Film, Video & Journalism",failed,SE,9398.51,432663.08
22,0,0,0,2017,Games & Technology,failed,NO,24780.22,12920408.18
6,0,0,0,2014,Design,failed,IE,2790.72,152054.66
1,9186.41,9093.34,1,2017,"Film, Video & Journalism",successful,AT,9186.41,9093.34
984,2301324.53,1768563.35,984,2016,"Dance, Music & Theater",successful,GB,2301324.53,1768563.35
372,2972532.05,1326444.21,372,2017,"Arts, Crafts & Phography",successful,GB,2972532.05,1326444.21
2091,0,0,0,2012,Fashion,failed,US,956742.57,12252427.7
3431,0,0,0,2017,Games & Technology,failed,US,5773629.09,167352791
74,0,0,0,2015,Games & Technology,failed,IE,50015.62,14525501.26
3,14866.21,12335.66,3,2017,Games & Technology,successful,JP,14866.21,12335.66
19,0,0,0,2016,"Dance, Music & Theater",failed,BE,4505.92,304073.22
828,0,0,0,2014,"Arts, Crafts & Phography",failed,CA,143001.62,8656207.34
68,0,0,0,2015,Games & Technology,failed,AT,41673.13,922130.06
96,0,0,0,2009,Games & Technology,failed,US,9641.8,320594.14
6,10268.17,8693.45,6,2014,Design,successful,NO,10268.17,8693.45
82,0,0,0,2017,Design,failed,IT,156824.65,2558109.85
2,0,0,0,2014,Design,failed,NO,4.21,7015.48
2067,0,0,0,2015,Games & Technology,failed,GB,1668727.87,104757761.89
5,0,0,0,2016,Food,failed,SG,1181.57,46954.9
38,447147.49,220952.23,38,2015,Games & Technology,successful,NZ,447147.49,220952.23
10122,0,0,0,2012,"Film, Video & Journalism",failed,US,8485659.94,222983064.85
24,0,0,0,2016,Food,failed,DK,6488.67,323422.81
8,14316.03,10052.48,8,2015,"Arts, Crafts & Phography",successful,CH,14316.03,10052.48
50,0,0,0,2017,Games & Technology,failed,SE,76156.36,1480676.18
8,0,0,0,2014,"Film, Video & Journalism",failed,NO,523.88,59888
33,155089.59,84025.47,33,2017,Games & Technology,successful,MX,155089.59,84025.47
2,7441.38,7343.91,2,2014,Food,successful,NO,7441.38,7343.91
32,0,0,0,2016,Design,failed,SE,27862.01,578697.13
236,1711255.95,1001035.49,236,2015,Fashion,successful,GB,1711255.95,1001035.49
196,0,0,0,2015,"Dance, Music & Theater",failed,AU,17965.16,1124708.87
8459,0,0,0,2014,"Film, Video & Journalism",failed,US,7567777.23,674007625
68,0,0,0,2015,"Dance, Music & Theater",failed,IT,11495.87,8597036.84
15,0,0,0,2017,"Arts, Crafts & Phography",failed,NZ,15552.16,109069.01
6663,0,0,0,2014,"Dance, Music & Theater",failed,US,2553355.6,84661154
18,93133.49,81205.22,18,2013,"Film, Video & Journalism",successful,AU,93133.49,81205.22
122,0,0,0,2015,"Film, Video & Journalism",failed,IT,61143.79,9082904.55
395,0,0,0,2015,"Film, Video & Journalism",failed,AU,115014.66,20715450.34
8,23240.56,21825.16,8,2015,"Dance, Music & Theater",successful,AT,23240.56,21825.16
32,444094.4,211595.89,32,2015,Fashion,successful,DE,444094.4,211595.89
258,0,0,0,2014,Design,failed,AU,416970.25,4512911.5
16,0,0,0,2017,Design,failed,NZ,42118.99,699862.2
30,353888.15,227205.14,30,2017,Comics & Publishing,successful,SE,353888.15,227205.14
2,1338.56,1322.04,2,2015,Comics & Publishing,successful,BE,1338.56,1322.04
80,0,0,0,2015,Design,failed,FR,210820.19,3616575.65
8,0,0,0,2014,"Dance, Music & Theater",failed,NO,130.85,30605.07
8263,0,0,0,2012,"Dance, Music & Theater",failed,US,3197405.65,73122097.38
30,87427.17,69787.09,30,2014,"Arts, Crafts & Phography",successful,NL,87427.17,69787.09
3,0,0,0,2016,Comics & Publishing,failed,LU,7055.58,27993.98
87,2975974.34,1116386.33,87,2016,Games & Technology,successful,NL,2975974.34,1116386.33
28,0,0,0,2015,"Dance, Music & Theater",failed,NZ,9191.28,100718.54
83,0,0,0,2017,"Arts, Crafts & Phography",failed,IT,12231.11,1331423.13
5,31594.66,30724.97,5,2016,Fashion,successful,IE,31594.66,30724.97
777,0,0,0,2015,Fashion,failed,GB,353307.62,7666093.47
463,0,0,0,2015,Food,failed,CA,116277.76,11829382.65
9367,37236292.4,29844132,9367,2013,"Dance, Music & Theater",successful,US,37236292.4,29844132
82,0,0,0,2017,"Arts, Crafts & Phography",failed,AU,24664.27,876768.96
157,1501234.23,513585.9,157,2016,Comics & Publishing,successful,AU,1501234.23,513585.9
24,41773.46,33483.26,24,2015,"Dance, Music & Theater",successful,NL,41773.46,33483.26
6,11239.23,4168.18,6,2016,Food,successful,SG,11239.23,4168.18
121,0,0,0,2017,Fashion,failed,CA,229932.76,3788573.5
4,38558.79,34577.38,4,2016,Food,successful,NL,38558.79,34577.38
165,0,0,0,2017,Food,failed,GB,194052.2,4373023.41
6765,29278326.57,24569616.66,6765,2011,"Film, Video & Journalism",successful,US,29278326.57,24569616.66
2340,0,0,0,2013,Fashion,failed,US,1435350.24,19645329
2172,0,0,0,2017,Comics & Publishing,failed,US,1590627.5,48996167
48,0,0,0,2015,Comics & Publishing,failed,IE,3211.79,341312.39
6,29331.21,15143.76,6,2014,Fashion,successful,SE,29331.21,15143.76
12,0,0,0,2015,Comics & Publishing,failed,AT,7080,156896.06
63,213562.54,198744.69,63,2017,"Dance, Music & Theater",successful,MX,213562.54,198744.69
15,109414.09,55941.61,15,2016,"Arts, Crafts & Phography",successful,MX,109414.09,55941.61
24,0,0,0,2016,"Film, Video & Journalism",failed,DK,4575.55,1555695.26
769,0,0,0,2016,"Arts, Crafts & Phography",failed,GB,310119.53,6007881.15
28,61041.7,48628.41,28,2015,"Dance, Music & Theater",successful,NZ,61041.7,48628.41
13,0,0,0,2016,Fashion,failed,HK,3648.64,139773.04
18,0,0,0,2015,Fashion,failed,AT,1494.11,1311172.15
597,0,0,0,2014,Design,failed,GB,1075621.4,20816662.27
6,32597.71,22712.44,6,2017,"Dance, Music & Theater",successful,CH,32597.71,22712.44
16,131348.82,87545.78,16,2016,"Arts, Crafts & Phography",successful,CH,131348.82,87545.78
4460,0,0,0,2013,Games & Technology,failed,US,12556525.7,151854344
4,0,0,0,2017,Food,failed,AT,13732.01,163628.93
385,0,0,0,2016,"Arts, Crafts & Phography",failed,CA,51112.86,2101128.06
6,78278.73,55536.65,6,2015,Design,successful,BE,78278.73,55536.65
36,0,0,0,2009,Design,failed,US,17252,126540
24,83787.58,74333.22,24,2014,"Arts, Crafts & Phography",successful,NZ,83787.58,74333.22
50,555672.43,210715.32,50,2016,Games & Technology,successful,NZ,555672.43,210715.32
10,0,0,0,2016,Fashion,failed,IE,8837.55,56188.87
89,0,0,0,2016,"Film, Video & Journalism",failed,SE,72597,2680865.2
15,80567.85,36064.25,15,2017,Fashion,successful,ES,80567.85,36064.25
2,3225.88,2167.2,2,2015,Food,successful,BE,3225.88,2167.2
106,0,0,0,2015,"Dance, Music & Theater",failed,NL,15765.12,820897.17
4,102818.39,62464.99,4,2017,Fashion,successful,NZ,102818.39,62464.99
2894,121805097.16,24279845,2894,2015,Design,successful,US,121805097.16,24279845
78,465497.3,373012.74,78,2015,Food,successful,CA,465497.3,373012.74
114,0,0,0,2015,"Film, Video & Journalism",failed,NL,160125.96,1329966.63
72,259400.53,200686,72,2012,"Dance, Music & Theater",successful,GB,259400.53,200686
355,3328941.71,2741831.72,355,2017,"Film, Video & Journalism",successful,GB,3328941.71,2741831.72
4,13744.93,13524.26,4,2014,Comics & Publishing,successful,NO,13744.93,13524.26
8,29012.95,23660.92,8,2016,"Dance, Music & Theater",successful,AT,29012.95,23660.92
7,142860.1,42772.12,7,2017,"Arts, Crafts & Phography",successful,AT,142860.1,42772.12
15,55421.93,36027.11,15,2016,Comics & Publishing,successful,BE,55421.93,36027.11
69,1151317.97,367460.59,69,2016,Design,successful,IT,1151317.97,367460.59
63,0,0,0,2016,"Dance, Music & Theater",failed,SE,9861.55,271874.26
178,1156391.63,842209.8,178,2017,Comics & Publishing,successful,CA,1156391.63,842209.8
240,5588353.78,1274294.07,240,2015,Design,successful,CA,5588353.78,1274294.07
1951,18367891.47,12627634,1951,2015,Food,successful,US,18367891.47,12627634
18,0,0,0,2015,Fashion,failed,BE,3929.02,199174.48
48,0,0,0,2017,Design,failed,NL,224597.29,1394927.64
3703,147290777.22,49772942,3703,2013,Games & Technology,successful,US,147290777.22,49772942
21,0,0,0,2017,Design,failed,CH,274381.6,1392202.91
214,1433170.14,945681.44,214,2014,Fashion,successful,GB,1433170.14,945681.44
8,12323.94,11400.92,8,2015,"Film, Video & Journalism",successful,IE,12323.94,11400.92
4,41416.59,40208.01,4,2015,Food,successful,NO,41416.59,40208.01
111,0,0,0,2016,"Arts, Crafts & Phography",failed,ES,27652.46,1441872.35
40,0,0,0,2016,Comics & Publishing,failed,NL,8413.03,353458.09
24,0,0,0,2015,Design,failed,AT,24799.98,587144.11
6,0,0,0,2013,"Dance, Music & Theater",failed,NZ,1368.49,13958.82
562,0,0,0,2014,Food,failed,CA,186328.45,7371017.5
696,0,0,0,2014,Fashion,failed,GB,258111.15,6314070.43
2,0,0,0,2016,Design,failed,LU,1439.76,36783.88
84,424751.29,387940.59,84,2016,"Film, Video & Journalism",successful,DE,424751.29,387940.59
28,0,0,0,2016,"Dance, Music & Theater",failed,MX,5068.84,138172.87
371,1195282.93,876453,371,2011,Fashion,successful,US,1195282.93,876453
526,0,0,0,2010,Games & Technology,failed,US,173513.94,2200679.62
5,0,0,0,2016,Food,failed,MX,507.97,101842.44
6,21740.81,15272.72,6,2015,Design,successful,NO,21740.81,15272.72
40,0,0,0,2009,Fashion,failed,US,5762,86295
37,0,0,0,2016,Design,failed,IE,60243.46,1153748.11
1284,21586319.94,17180715,1284,2017,"Film, Video & Journalism",successful,US,21586319.94,17180715
72,0,0,0,2015,Comics & Publishing,failed,SE,109466.45,699533.02
6,39938.2,37693.09,6,2015,"Arts, Crafts & Phography",successful,BE,39938.2,37693.09
13,622241.66,78198.3,13,2017,"Arts, Crafts & Phography",successful,SE,622241.66,78198.3
44,56275.85,43947.25,44,2016,"Dance, Music & Theater",successful,SE,56275.85,43947.25
22,0,0,0,2015,Design,failed,BE,10908.97,330501.82
23,0,0,0,2017,Fashion,failed,NL,46209.19,634699.55
8,0,0,0,2017,Fashion,failed,CH,10471.08,184509.82
246,0,0,0,2013,Games & Technology,failed,CA,524133.68,5237787.5
286,636430.52,522017.69,286,2015,"Dance, Music & Theater",successful,CA,636430.52,522017.69
30,0,0,0,2015,"Arts, Crafts & Phography",failed,CH,21144.51,5267600.13
12868,39129627.26,31418607.07,12868,2012,"Dance, Music & Theater",successful,US,39129627.26,31418607.07
4731,0,0,0,2016,"Arts, Crafts & Phography",failed,US,1470268.03,228363381
30,0,0,0,2015,Food,failed,CH,4442.39,105160630.14
104,0,0,0,2015,Food,failed,NL,47854.46,2575764.3
33,0,0,0,2016,"Film, Video & Journalism",failed,MX,7751.5,464958.8
340,0,0,0,2017,Comics & Publishing,failed,GB,278880.88,3971060.09
8,0,0,0,2013,"Film, Video & Journalism",failed,NZ,428.32,33998.2
3081,10520327.96,8797639.21,3081,2010,"Film, Video & Journalism",successful,US,10520327.96,8797639.21
20,295984.99,98435.88,20,2015,Games & Technology,successful,NO,295984.99,98435.88
28,0,0,0,2016,"Arts, Crafts & Phography",failed,NO,7886.59,134551.37
485,12143891.52,5080888.02,485,2013,Games & Technology,successful,GB,12143891.52,5080888.02
24,58007.1,49917.14,24,2014,Comics & Publishing,successful,NL,58007.1,49917.14
6,0,0,0,2017,Games & Technology,failed,JP,20190.58,142435.65
46,363755.6,289620.64,46,2015,Fashion,successful,NL,363755.6,289620.64
76,729879.78,370472.48,76,2015,"Arts, Crafts & Phography",successful,DE,729879.78,370472.48
83,145437.82,119242,83,2009,Games & Technology,successful,US,145437.82,119242
344,0,0,0,2016,"Film, Video & Journalism",failed,CA,206070.42,11774910.51
32,0,0,0,2015,Comics & Publishing,failed,NO,8980.19,188398.97
94,0,0,0,2016,Games & Technology,failed,NZ,102253.69,2990146.31
11,0,0,0,2017,Comics & Publishing,failed,AT,9292.07,105929.3
90,3267149.24,1060303.08,90,2017,Games & Technology,successful,ES,3267149.24,1060303.08
6,91673.52,75780.09,6,2014,Games & Technology,successful,IE,91673.52,75780.09
168,0,0,0,2016,Design,failed,AU,303421.43,5209572.24
31,48806.63,35947.61,31,2016,"Arts, Crafts & Phography",successful,IE,48806.63,35947.61
17,127093.35,107984.51,17,2017,"Dance, Music & Theater",successful,IE,127093.35,107984.51
7526,0,0,0,2015,Comics & Publishing,failed,US,2319823.73,130870669
21,0,0,0,2017,Comics & Publishing,failed,IE,19580.3,216067.55
6,98255.5,80266.99,6,2015,Design,successful,IE,98255.5,80266.99
191,0,0,0,2016,Design,failed,DE,402905.01,3556241.79
21,0,0,0,2016,Comics & Publishing,failed,CH,24035.79,7935439.66
42,0,0,0,2017,Design,failed,ES,53045.75,1305700.23
16,27847.94,19115.41,16,2014,"Dance, Music & Theater",successful,DK,27847.94,19115.41
18,636303.7,239029.92,18,2017,Games & Technology,successful,DK,636303.7,239029.92
64,0,0,0,2016,"Arts, Crafts & Phography",failed,SE,4105.23,258188.09
4996,0,0,0,2015,Fashion,failed,US,1534583.8,157824676
16,0,0,0,2014,Design,failed,SE,19040.93,326887.57
322,0,0,0,2014,Comics & Publishing,failed,AU,84038.93,1811069.77
9,3843944.37,130254.31,9,2017,Design,successful,AT,3843944.37,130254.31
344,0,0,0,2013,Fashion,failed,GB,181010.01,2401035.54
42,0,0,0,2013,Food,failed,CA,24071.13,304253.95
1444,0,0,0,2017,Food,failed,US,1342743.32,46673363
38,433752.32,226011.62,38,2015,Fashion,successful,FR,433752.32,226011.62
12,267162.01,99324.22,12,2015,Design,successful,CH,267162.01,99324.22
82,0,0,0,2015,Comics & Publishing,failed,ES,10848.68,1462961.97
182,0,0,0,2015,"Arts, Crafts & Phography",failed,NL,21678.92,1468634.57
2,33872.76,32709.13,2,2013,Design,successful,NZ,33872.76,32709.13
6,26187.85,20117.07,6,2016,"Film, Video & Journalism",successful,BE,26187.85,20117.07
5729,24977134.49,19628273,5729,2015,"Dance, Music & Theater",successful,US,24977134.49,19628273
13,0,0,0,2016,Design,failed,NO,4981.08,81903.84
84,719066.86,622480.01,84,2017,"Film, Video & Journalism",successful,CA,719066.86,622480.01
2,13821.15,13620.74,2,2017,Food,successful,AT,13821.15,13620.74
12,0,0,0,2014,Food,failed,DK,177.73,218266.88
210,0,0,0,2016,"Dance, Music & Theater",failed,CA,38242.04,1447937.59
2,115989.05,46144.43,2,2015,Food,successful,CH,115989.05,46144.43
10,23287.56,22427.89,10,2014,"Film, Video & Journalism",successful,NO,23287.56,22427.89
408,3359191.73,2092511.74,408,2017,Comics & Publishing,successful,GB,3359191.73,2092511.74
4202,16212454.55,10796844,4202,2014,"Arts, Crafts & Phography",successful,US,16212454.55,10796844
4977,214078056.96,47252837,4977,2016,Games & Technology,successful,US,214078056.96,47252837
8,78205.31,54485.53,8,2014,"Film, Video & Journalism",successful,SE,78205.31,54485.53
425,8602794.42,3447479.73,425,2016,Design,successful,GB,8602794.42,3447479.73
23,257771.39,122611.55,23,2017,Design,successful,MX,257771.39,122611.55
21,0,0,0,2016,Design,failed,BE,23941.92,711671.7
26,0,0,0,2017,"Film, Video & Journalism",failed,NL,37445.59,652697.17
34,0,0,0,2016,Food,failed,NL,7347.87,1338327.66
25,0,0,0,2016,Food,failed,CH,2102.6,737387.07
484,0,0,0,2016,"Dance, Music & Theater",failed,GB,144022.04,4718233.92
146,494330.52,451329.07,146,2015,"Film, Video & Journalism",successful,AU,494330.52,451329.07
110,971269.69,843440.88,110,2016,Food,successful,GB,971269.69,843440.88
476,0,0,0,2016,Games & Technology,failed,AU,404196.3,20205469.42
16,64729.18,58447.87,16,2017,Food,successful,MX,64729.18,58447.87
452,0,0,0,2016,Games & Technology,failed,IT,473423.73,11171885.22
